ISO-10303-21;
HEADER;
/* Generated by software containing ST-Developer
 * from STEP Tools, Inc. (www.steptools.com) 
 */

FILE_DESCRIPTION(
/* description */ (''),
/* implementation_level */ '2;1');

FILE_NAME(
/* name */ 'LM1800.stp',
/* time_stamp */ '2025-12-02T21:03:58+02:00',
/* author */ ('lizab'),
/* organization */ (''),
/* preprocessor_version */ 'ST-DEVELOPER v20.1',
/* originating_system */ 'Autodesk Inventor 2026',
/* authorisation */ '');

FILE_SCHEMA (('AUTOMOTIVE_DESIGN { 1 0 10303 214 3 1 1 }'));
ENDSEC;

DATA;
#10=MECHANICAL_DESIGN_GEOMETRIC_PRESENTATION_REPRESENTATION('',(#16,#17,
#18,#19,#20,#21,#22,#23,#24,#25,#26,#27,#28,#29,#30,#31,#32),#4856);
#11=GEOMETRICALLY_BOUNDED_WIREFRAME_SHAPE_REPRESENTATION('',(#12),#4855);
#12=GEOMETRIC_CURVE_SET('\X2\042D0441043A04380437\X0\2',(#4852));
#13=SHAPE_REPRESENTATION_RELATIONSHIP('SRR','None',#4863,#15);
#14=SHAPE_REPRESENTATION_RELATIONSHIP('SRR','None',#4863,#11);
#15=ADVANCED_BREP_SHAPE_REPRESENTATION('',(#33,#34,#35,#36,#37,#38,#39,
#40,#41,#42,#43,#44,#45,#46,#47,#48,#49),#4855);
#16=STYLED_ITEM('',(#4872),#33);
#17=STYLED_ITEM('',(#4872),#34);
#18=STYLED_ITEM('',(#4872),#35);
#19=STYLED_ITEM('',(#4872),#36);
#20=STYLED_ITEM('',(#4872),#37);
#21=STYLED_ITEM('',(#4872),#38);
#22=STYLED_ITEM('',(#4872),#39);
#23=STYLED_ITEM('',(#4872),#40);
#24=STYLED_ITEM('',(#4872),#41);
#25=STYLED_ITEM('',(#4872),#42);
#26=STYLED_ITEM('',(#4872),#43);
#27=STYLED_ITEM('',(#4872),#44);
#28=STYLED_ITEM('',(#4872),#45);
#29=STYLED_ITEM('',(#4872),#46);
#30=STYLED_ITEM('',(#4872),#47);
#31=STYLED_ITEM('',(#4872),#48);
#32=STYLED_ITEM('',(#4872),#49);
#33=MANIFOLD_SOLID_BREP('\X2\04220432043504400434043E0435\X0\ \X2\04420435043B043E\X0\1',
#2934);
#34=MANIFOLD_SOLID_BREP('\X2\04220432043504400434043E0435\X0\ \X2\04420435043B043E\X0\2',
#2935);
#35=MANIFOLD_SOLID_BREP('\X2\04220432043504400434043E0435\X0\ \X2\04420435043B043E\X0\2',
#2936);
#36=MANIFOLD_SOLID_BREP('\X2\04220432043504400434043E0435\X0\ \X2\04420435043B043E\X0\2',
#2937);
#37=MANIFOLD_SOLID_BREP('\X2\04220432043504400434043E0435\X0\ \X2\04420435043B043E\X0\2',
#2938);
#38=MANIFOLD_SOLID_BREP('\X2\04220432043504400434043E0435\X0\ \X2\04420435043B043E\X0\2',
#2939);
#39=MANIFOLD_SOLID_BREP('\X2\04220432043504400434043E0435\X0\ \X2\04420435043B043E\X0\2',
#2940);
#40=MANIFOLD_SOLID_BREP('\X2\04220432043504400434043E0435\X0\ \X2\04420435043B043E\X0\2',
#2941);
#41=MANIFOLD_SOLID_BREP('\X2\04220432043504400434043E0435\X0\ \X2\04420435043B043E\X0\2',
#2942);
#42=MANIFOLD_SOLID_BREP('\X2\04220432043504400434043E0435\X0\ \X2\04420435043B043E\X0\3',
#2943);
#43=MANIFOLD_SOLID_BREP('\X2\04220432043504400434043E0435\X0\ \X2\04420435043B043E\X0\3',
#2944);
#44=MANIFOLD_SOLID_BREP('\X2\04220432043504400434043E0435\X0\ \X2\04420435043B043E\X0\3',
#2945);
#45=MANIFOLD_SOLID_BREP('\X2\04220432043504400434043E0435\X0\ \X2\04420435043B043E\X0\3',
#2946);
#46=MANIFOLD_SOLID_BREP('\X2\04220432043504400434043E0435\X0\ \X2\04420435043B043E\X0\3',
#2947);
#47=MANIFOLD_SOLID_BREP('\X2\04220432043504400434043E0435\X0\ \X2\04420435043B043E\X0\3',
#2948);
#48=MANIFOLD_SOLID_BREP('\X2\04220432043504400434043E0435\X0\ \X2\04420435043B043E\X0\3',
#2949);
#49=MANIFOLD_SOLID_BREP('\X2\04220432043504400434043E0435\X0\ \X2\04420435043B043E\X0\3',
#2950);
#50=PLANE('',#2976);
#51=PLANE('',#2977);
#52=PLANE('',#2978);
#53=PLANE('',#2979);
#54=PLANE('',#2980);
#55=PLANE('',#2981);
#56=PLANE('',#2982);
#57=PLANE('',#2986);
#58=PLANE('',#2990);
#59=PLANE('',#2991);
#60=PLANE('',#2992);
#61=PLANE('',#2993);
#62=PLANE('',#2994);
#63=PLANE('',#2995);
#64=PLANE('',#2996);
#65=PLANE('',#3000);
#66=PLANE('',#3004);
#67=PLANE('',#3005);
#68=PLANE('',#3006);
#69=PLANE('',#3007);
#70=PLANE('',#3008);
#71=PLANE('',#3009);
#72=PLANE('',#3010);
#73=PLANE('',#3014);
#74=PLANE('',#3018);
#75=PLANE('',#3019);
#76=PLANE('',#3020);
#77=PLANE('',#3021);
#78=PLANE('',#3022);
#79=PLANE('',#3023);
#80=PLANE('',#3024);
#81=PLANE('',#3028);
#82=PLANE('',#3032);
#83=PLANE('',#3033);
#84=PLANE('',#3034);
#85=PLANE('',#3035);
#86=PLANE('',#3036);
#87=PLANE('',#3037);
#88=PLANE('',#3038);
#89=PLANE('',#3042);
#90=PLANE('',#3046);
#91=PLANE('',#3047);
#92=PLANE('',#3048);
#93=PLANE('',#3049);
#94=PLANE('',#3050);
#95=PLANE('',#3051);
#96=PLANE('',#3052);
#97=PLANE('',#3056);
#98=PLANE('',#3060);
#99=PLANE('',#3061);
#100=PLANE('',#3062);
#101=PLANE('',#3063);
#102=PLANE('',#3064);
#103=PLANE('',#3065);
#104=PLANE('',#3066);
#105=PLANE('',#3070);
#106=PLANE('',#3074);
#107=PLANE('',#3075);
#108=PLANE('',#3076);
#109=PLANE('',#3077);
#110=PLANE('',#3078);
#111=PLANE('',#3079);
#112=PLANE('',#3080);
#113=PLANE('',#3084);
#114=PLANE('',#3088);
#115=PLANE('',#3089);
#116=PLANE('',#3090);
#117=PLANE('',#3091);
#118=PLANE('',#3092);
#119=PLANE('',#3093);
#120=PLANE('',#3094);
#121=PLANE('',#3098);
#122=PLANE('',#3102);
#123=PLANE('',#3103);
#124=PLANE('',#3104);
#125=PLANE('',#3105);
#126=PLANE('',#3106);
#127=PLANE('',#3107);
#128=PLANE('',#3108);
#129=PLANE('',#3112);
#130=PLANE('',#3116);
#131=PLANE('',#3117);
#132=PLANE('',#3118);
#133=PLANE('',#3119);
#134=PLANE('',#3120);
#135=PLANE('',#3121);
#136=PLANE('',#3122);
#137=PLANE('',#3126);
#138=PLANE('',#3130);
#139=PLANE('',#3131);
#140=PLANE('',#3132);
#141=PLANE('',#3133);
#142=PLANE('',#3134);
#143=PLANE('',#3135);
#144=PLANE('',#3136);
#145=PLANE('',#3140);
#146=PLANE('',#3144);
#147=PLANE('',#3145);
#148=PLANE('',#3146);
#149=PLANE('',#3147);
#150=PLANE('',#3148);
#151=PLANE('',#3149);
#152=PLANE('',#3150);
#153=PLANE('',#3154);
#154=PLANE('',#3158);
#155=PLANE('',#3159);
#156=PLANE('',#3160);
#157=PLANE('',#3161);
#158=PLANE('',#3162);
#159=PLANE('',#3163);
#160=PLANE('',#3164);
#161=PLANE('',#3168);
#162=PLANE('',#3172);
#163=PLANE('',#3173);
#164=PLANE('',#3174);
#165=PLANE('',#3175);
#166=PLANE('',#3176);
#167=PLANE('',#3177);
#168=PLANE('',#3178);
#169=PLANE('',#3182);
#170=PLANE('',#3186);
#171=PLANE('',#3187);
#172=PLANE('',#3188);
#173=PLANE('',#3189);
#174=PLANE('',#3190);
#175=PLANE('',#3191);
#176=PLANE('',#3192);
#177=PLANE('',#3196);
#178=PLANE('',#3200);
#179=PLANE('',#3201);
#180=PLANE('',#3202);
#181=PLANE('',#3203);
#182=PLANE('',#3204);
#183=PLANE('',#3205);
#184=PLANE('',#3206);
#185=FACE_OUTER_BOUND('',#353,.T.);
#186=FACE_OUTER_BOUND('',#354,.T.);
#187=FACE_OUTER_BOUND('',#355,.T.);
#188=FACE_OUTER_BOUND('',#356,.T.);
#189=FACE_OUTER_BOUND('',#357,.T.);
#190=FACE_OUTER_BOUND('',#358,.T.);
#191=FACE_OUTER_BOUND('',#359,.T.);
#192=FACE_OUTER_BOUND('',#360,.T.);
#193=FACE_OUTER_BOUND('',#361,.T.);
#194=FACE_OUTER_BOUND('',#362,.T.);
#195=FACE_OUTER_BOUND('',#363,.T.);
#196=FACE_OUTER_BOUND('',#364,.T.);
#197=FACE_OUTER_BOUND('',#365,.T.);
#198=FACE_OUTER_BOUND('',#366,.T.);
#199=FACE_OUTER_BOUND('',#367,.T.);
#200=FACE_OUTER_BOUND('',#368,.T.);
#201=FACE_OUTER_BOUND('',#369,.T.);
#202=FACE_OUTER_BOUND('',#370,.T.);
#203=FACE_OUTER_BOUND('',#371,.T.);
#204=FACE_OUTER_BOUND('',#372,.T.);
#205=FACE_OUTER_BOUND('',#373,.T.);
#206=FACE_OUTER_BOUND('',#374,.T.);
#207=FACE_OUTER_BOUND('',#375,.T.);
#208=FACE_OUTER_BOUND('',#376,.T.);
#209=FACE_OUTER_BOUND('',#377,.T.);
#210=FACE_OUTER_BOUND('',#378,.T.);
#211=FACE_OUTER_BOUND('',#379,.T.);
#212=FACE_OUTER_BOUND('',#380,.T.);
#213=FACE_OUTER_BOUND('',#381,.T.);
#214=FACE_OUTER_BOUND('',#382,.T.);
#215=FACE_OUTER_BOUND('',#383,.T.);
#216=FACE_OUTER_BOUND('',#384,.T.);
#217=FACE_OUTER_BOUND('',#385,.T.);
#218=FACE_OUTER_BOUND('',#386,.T.);
#219=FACE_OUTER_BOUND('',#387,.T.);
#220=FACE_OUTER_BOUND('',#388,.T.);
#221=FACE_OUTER_BOUND('',#389,.T.);
#222=FACE_OUTER_BOUND('',#390,.T.);
#223=FACE_OUTER_BOUND('',#391,.T.);
#224=FACE_OUTER_BOUND('',#392,.T.);
#225=FACE_OUTER_BOUND('',#393,.T.);
#226=FACE_OUTER_BOUND('',#394,.T.);
#227=FACE_OUTER_BOUND('',#395,.T.);
#228=FACE_OUTER_BOUND('',#396,.T.);
#229=FACE_OUTER_BOUND('',#397,.T.);
#230=FACE_OUTER_BOUND('',#398,.T.);
#231=FACE_OUTER_BOUND('',#399,.T.);
#232=FACE_OUTER_BOUND('',#400,.T.);
#233=FACE_OUTER_BOUND('',#401,.T.);
#234=FACE_OUTER_BOUND('',#402,.T.);
#235=FACE_OUTER_BOUND('',#403,.T.);
#236=FACE_OUTER_BOUND('',#404,.T.);
#237=FACE_OUTER_BOUND('',#405,.T.);
#238=FACE_OUTER_BOUND('',#406,.T.);
#239=FACE_OUTER_BOUND('',#407,.T.);
#240=FACE_OUTER_BOUND('',#408,.T.);
#241=FACE_OUTER_BOUND('',#409,.T.);
#242=FACE_OUTER_BOUND('',#410,.T.);
#243=FACE_OUTER_BOUND('',#411,.T.);
#244=FACE_OUTER_BOUND('',#412,.T.);
#245=FACE_OUTER_BOUND('',#413,.T.);
#246=FACE_OUTER_BOUND('',#414,.T.);
#247=FACE_OUTER_BOUND('',#415,.T.);
#248=FACE_OUTER_BOUND('',#416,.T.);
#249=FACE_OUTER_BOUND('',#417,.T.);
#250=FACE_OUTER_BOUND('',#418,.T.);
#251=FACE_OUTER_BOUND('',#419,.T.);
#252=FACE_OUTER_BOUND('',#420,.T.);
#253=FACE_OUTER_BOUND('',#421,.T.);
#254=FACE_OUTER_BOUND('',#422,.T.);
#255=FACE_OUTER_BOUND('',#423,.T.);
#256=FACE_OUTER_BOUND('',#424,.T.);
#257=FACE_OUTER_BOUND('',#425,.T.);
#258=FACE_OUTER_BOUND('',#426,.T.);
#259=FACE_OUTER_BOUND('',#427,.T.);
#260=FACE_OUTER_BOUND('',#428,.T.);
#261=FACE_OUTER_BOUND('',#429,.T.);
#262=FACE_OUTER_BOUND('',#430,.T.);
#263=FACE_OUTER_BOUND('',#431,.T.);
#264=FACE_OUTER_BOUND('',#432,.T.);
#265=FACE_OUTER_BOUND('',#433,.T.);
#266=FACE_OUTER_BOUND('',#434,.T.);
#267=FACE_OUTER_BOUND('',#435,.T.);
#268=FACE_OUTER_BOUND('',#436,.T.);
#269=FACE_OUTER_BOUND('',#437,.T.);
#270=FACE_OUTER_BOUND('',#438,.T.);
#271=FACE_OUTER_BOUND('',#439,.T.);
#272=FACE_OUTER_BOUND('',#440,.T.);
#273=FACE_OUTER_BOUND('',#441,.T.);
#274=FACE_OUTER_BOUND('',#442,.T.);
#275=FACE_OUTER_BOUND('',#443,.T.);
#276=FACE_OUTER_BOUND('',#444,.T.);
#277=FACE_OUTER_BOUND('',#445,.T.);
#278=FACE_OUTER_BOUND('',#446,.T.);
#279=FACE_OUTER_BOUND('',#447,.T.);
#280=FACE_OUTER_BOUND('',#448,.T.);
#281=FACE_OUTER_BOUND('',#449,.T.);
#282=FACE_OUTER_BOUND('',#450,.T.);
#283=FACE_OUTER_BOUND('',#451,.T.);
#284=FACE_OUTER_BOUND('',#452,.T.);
#285=FACE_OUTER_BOUND('',#453,.T.);
#286=FACE_OUTER_BOUND('',#454,.T.);
#287=FACE_OUTER_BOUND('',#455,.T.);
#288=FACE_OUTER_BOUND('',#456,.T.);
#289=FACE_OUTER_BOUND('',#457,.T.);
#290=FACE_OUTER_BOUND('',#458,.T.);
#291=FACE_OUTER_BOUND('',#459,.T.);
#292=FACE_OUTER_BOUND('',#460,.T.);
#293=FACE_OUTER_BOUND('',#461,.T.);
#294=FACE_OUTER_BOUND('',#462,.T.);
#295=FACE_OUTER_BOUND('',#463,.T.);
#296=FACE_OUTER_BOUND('',#464,.T.);
#297=FACE_OUTER_BOUND('',#465,.T.);
#298=FACE_OUTER_BOUND('',#466,.T.);
#299=FACE_OUTER_BOUND('',#467,.T.);
#300=FACE_OUTER_BOUND('',#468,.T.);
#301=FACE_OUTER_BOUND('',#469,.T.);
#302=FACE_OUTER_BOUND('',#470,.T.);
#303=FACE_OUTER_BOUND('',#471,.T.);
#304=FACE_OUTER_BOUND('',#472,.T.);
#305=FACE_OUTER_BOUND('',#473,.T.);
#306=FACE_OUTER_BOUND('',#474,.T.);
#307=FACE_OUTER_BOUND('',#475,.T.);
#308=FACE_OUTER_BOUND('',#476,.T.);
#309=FACE_OUTER_BOUND('',#477,.T.);
#310=FACE_OUTER_BOUND('',#478,.T.);
#311=FACE_OUTER_BOUND('',#479,.T.);
#312=FACE_OUTER_BOUND('',#480,.T.);
#313=FACE_OUTER_BOUND('',#481,.T.);
#314=FACE_OUTER_BOUND('',#482,.T.);
#315=FACE_OUTER_BOUND('',#483,.T.);
#316=FACE_OUTER_BOUND('',#484,.T.);
#317=FACE_OUTER_BOUND('',#485,.T.);
#318=FACE_OUTER_BOUND('',#486,.T.);
#319=FACE_OUTER_BOUND('',#487,.T.);
#320=FACE_OUTER_BOUND('',#488,.T.);
#321=FACE_OUTER_BOUND('',#489,.T.);
#322=FACE_OUTER_BOUND('',#490,.T.);
#323=FACE_OUTER_BOUND('',#491,.T.);
#324=FACE_OUTER_BOUND('',#492,.T.);
#325=FACE_OUTER_BOUND('',#493,.T.);
#326=FACE_OUTER_BOUND('',#494,.T.);
#327=FACE_OUTER_BOUND('',#495,.T.);
#328=FACE_OUTER_BOUND('',#496,.T.);
#329=FACE_OUTER_BOUND('',#497,.T.);
#330=FACE_OUTER_BOUND('',#498,.T.);
#331=FACE_OUTER_BOUND('',#499,.T.);
#332=FACE_OUTER_BOUND('',#500,.T.);
#333=FACE_OUTER_BOUND('',#501,.T.);
#334=FACE_OUTER_BOUND('',#502,.T.);
#335=FACE_OUTER_BOUND('',#503,.T.);
#336=FACE_OUTER_BOUND('',#504,.T.);
#337=FACE_OUTER_BOUND('',#505,.T.);
#338=FACE_OUTER_BOUND('',#506,.T.);
#339=FACE_OUTER_BOUND('',#507,.T.);
#340=FACE_OUTER_BOUND('',#508,.T.);
#341=FACE_OUTER_BOUND('',#509,.T.);
#342=FACE_OUTER_BOUND('',#510,.T.);
#343=FACE_OUTER_BOUND('',#511,.T.);
#344=FACE_OUTER_BOUND('',#512,.T.);
#345=FACE_OUTER_BOUND('',#513,.T.);
#346=FACE_OUTER_BOUND('',#514,.T.);
#347=FACE_OUTER_BOUND('',#515,.T.);
#348=FACE_OUTER_BOUND('',#516,.T.);
#349=FACE_OUTER_BOUND('',#517,.T.);
#350=FACE_OUTER_BOUND('',#518,.T.);
#351=FACE_OUTER_BOUND('',#519,.T.);
#352=FACE_OUTER_BOUND('',#520,.T.);
#353=EDGE_LOOP('',(#1929,#1930,#1931,#1932));
#354=EDGE_LOOP('',(#1933,#1934));
#355=EDGE_LOOP('',(#1935,#1936,#1937,#1938,#1939,#1940));
#356=EDGE_LOOP('',(#1941,#1942,#1943,#1944));
#357=EDGE_LOOP('',(#1945,#1946,#1947,#1948,#1949,#1950,#1951,#1952));
#358=EDGE_LOOP('',(#1953,#1954,#1955,#1956));
#359=EDGE_LOOP('',(#1957,#1958,#1959,#1960));
#360=EDGE_LOOP('',(#1961,#1962,#1963,#1964));
#361=EDGE_LOOP('',(#1965,#1966,#1967,#1968));
#362=EDGE_LOOP('',(#1969,#1970,#1971,#1972));
#363=EDGE_LOOP('',(#1973,#1974,#1975,#1976));
#364=EDGE_LOOP('',(#1977,#1978,#1979,#1980));
#365=EDGE_LOOP('',(#1981,#1982,#1983,#1984,#1985,#1986,#1987,#1988));
#366=EDGE_LOOP('',(#1989,#1990,#1991,#1992));
#367=EDGE_LOOP('',(#1993,#1994,#1995,#1996));
#368=EDGE_LOOP('',(#1997,#1998,#1999,#2000));
#369=EDGE_LOOP('',(#2001,#2002,#2003,#2004,#2005,#2006,#2007,#2008));
#370=EDGE_LOOP('',(#2009,#2010,#2011,#2012));
#371=EDGE_LOOP('',(#2013,#2014,#2015,#2016));
#372=EDGE_LOOP('',(#2017,#2018,#2019,#2020));
#373=EDGE_LOOP('',(#2021,#2022,#2023,#2024));
#374=EDGE_LOOP('',(#2025,#2026,#2027,#2028));
#375=EDGE_LOOP('',(#2029,#2030,#2031,#2032,#2033,#2034,#2035,#2036));
#376=EDGE_LOOP('',(#2037,#2038,#2039,#2040));
#377=EDGE_LOOP('',(#2041,#2042,#2043,#2044));
#378=EDGE_LOOP('',(#2045,#2046,#2047,#2048));
#379=EDGE_LOOP('',(#2049,#2050,#2051,#2052,#2053,#2054,#2055,#2056));
#380=EDGE_LOOP('',(#2057,#2058,#2059,#2060));
#381=EDGE_LOOP('',(#2061,#2062,#2063,#2064));
#382=EDGE_LOOP('',(#2065,#2066,#2067,#2068));
#383=EDGE_LOOP('',(#2069,#2070,#2071,#2072));
#384=EDGE_LOOP('',(#2073,#2074,#2075,#2076));
#385=EDGE_LOOP('',(#2077,#2078,#2079,#2080,#2081,#2082,#2083,#2084));
#386=EDGE_LOOP('',(#2085,#2086,#2087,#2088));
#387=EDGE_LOOP('',(#2089,#2090,#2091,#2092));
#388=EDGE_LOOP('',(#2093,#2094,#2095,#2096));
#389=EDGE_LOOP('',(#2097,#2098,#2099,#2100,#2101,#2102,#2103,#2104));
#390=EDGE_LOOP('',(#2105,#2106,#2107,#2108));
#391=EDGE_LOOP('',(#2109,#2110,#2111,#2112));
#392=EDGE_LOOP('',(#2113,#2114,#2115,#2116));
#393=EDGE_LOOP('',(#2117,#2118,#2119,#2120));
#394=EDGE_LOOP('',(#2121,#2122,#2123,#2124));
#395=EDGE_LOOP('',(#2125,#2126,#2127,#2128,#2129,#2130,#2131,#2132));
#396=EDGE_LOOP('',(#2133,#2134,#2135,#2136));
#397=EDGE_LOOP('',(#2137,#2138,#2139,#2140,#2141,#2142,#2143,#2144));
#398=EDGE_LOOP('',(#2145,#2146,#2147,#2148));
#399=EDGE_LOOP('',(#2149,#2150,#2151,#2152));
#400=EDGE_LOOP('',(#2153,#2154,#2155,#2156));
#401=EDGE_LOOP('',(#2157,#2158,#2159,#2160));
#402=EDGE_LOOP('',(#2161,#2162,#2163,#2164));
#403=EDGE_LOOP('',(#2165,#2166,#2167,#2168));
#404=EDGE_LOOP('',(#2169,#2170,#2171,#2172));
#405=EDGE_LOOP('',(#2173,#2174,#2175,#2176,#2177,#2178,#2179,#2180));
#406=EDGE_LOOP('',(#2181,#2182,#2183,#2184));
#407=EDGE_LOOP('',(#2185,#2186,#2187,#2188));
#408=EDGE_LOOP('',(#2189,#2190,#2191,#2192));
#409=EDGE_LOOP('',(#2193,#2194,#2195,#2196,#2197,#2198,#2199,#2200));
#410=EDGE_LOOP('',(#2201,#2202,#2203,#2204));
#411=EDGE_LOOP('',(#2205,#2206,#2207,#2208));
#412=EDGE_LOOP('',(#2209,#2210,#2211,#2212));
#413=EDGE_LOOP('',(#2213,#2214,#2215,#2216));
#414=EDGE_LOOP('',(#2217,#2218,#2219,#2220));
#415=EDGE_LOOP('',(#2221,#2222,#2223,#2224,#2225,#2226,#2227,#2228));
#416=EDGE_LOOP('',(#2229,#2230,#2231,#2232));
#417=EDGE_LOOP('',(#2233,#2234,#2235,#2236));
#418=EDGE_LOOP('',(#2237,#2238,#2239,#2240));
#419=EDGE_LOOP('',(#2241,#2242,#2243,#2244,#2245,#2246,#2247,#2248));
#420=EDGE_LOOP('',(#2249,#2250,#2251,#2252));
#421=EDGE_LOOP('',(#2253,#2254,#2255,#2256));
#422=EDGE_LOOP('',(#2257,#2258,#2259,#2260));
#423=EDGE_LOOP('',(#2261,#2262,#2263,#2264));
#424=EDGE_LOOP('',(#2265,#2266,#2267,#2268));
#425=EDGE_LOOP('',(#2269,#2270,#2271,#2272,#2273,#2274,#2275,#2276));
#426=EDGE_LOOP('',(#2277,#2278,#2279,#2280));
#427=EDGE_LOOP('',(#2281,#2282,#2283,#2284));
#428=EDGE_LOOP('',(#2285,#2286,#2287,#2288));
#429=EDGE_LOOP('',(#2289,#2290,#2291,#2292,#2293,#2294,#2295,#2296));
#430=EDGE_LOOP('',(#2297,#2298,#2299,#2300));
#431=EDGE_LOOP('',(#2301,#2302,#2303,#2304));
#432=EDGE_LOOP('',(#2305,#2306,#2307,#2308));
#433=EDGE_LOOP('',(#2309,#2310,#2311,#2312));
#434=EDGE_LOOP('',(#2313,#2314,#2315,#2316));
#435=EDGE_LOOP('',(#2317,#2318,#2319,#2320,#2321,#2322,#2323,#2324));
#436=EDGE_LOOP('',(#2325,#2326,#2327,#2328));
#437=EDGE_LOOP('',(#2329,#2330,#2331,#2332));
#438=EDGE_LOOP('',(#2333,#2334,#2335,#2336));
#439=EDGE_LOOP('',(#2337,#2338,#2339,#2340,#2341,#2342,#2343,#2344));
#440=EDGE_LOOP('',(#2345,#2346,#2347,#2348));
#441=EDGE_LOOP('',(#2349,#2350,#2351,#2352));
#442=EDGE_LOOP('',(#2353,#2354,#2355,#2356));
#443=EDGE_LOOP('',(#2357,#2358,#2359,#2360));
#444=EDGE_LOOP('',(#2361,#2362,#2363,#2364));
#445=EDGE_LOOP('',(#2365,#2366,#2367,#2368,#2369,#2370,#2371,#2372));
#446=EDGE_LOOP('',(#2373,#2374,#2375,#2376));
#447=EDGE_LOOP('',(#2377,#2378,#2379,#2380));
#448=EDGE_LOOP('',(#2381,#2382,#2383,#2384));
#449=EDGE_LOOP('',(#2385,#2386,#2387,#2388,#2389,#2390,#2391,#2392));
#450=EDGE_LOOP('',(#2393,#2394,#2395,#2396));
#451=EDGE_LOOP('',(#2397,#2398,#2399,#2400));
#452=EDGE_LOOP('',(#2401,#2402,#2403,#2404));
#453=EDGE_LOOP('',(#2405,#2406,#2407,#2408));
#454=EDGE_LOOP('',(#2409,#2410,#2411,#2412));
#455=EDGE_LOOP('',(#2413,#2414,#2415,#2416,#2417,#2418,#2419,#2420));
#456=EDGE_LOOP('',(#2421,#2422,#2423,#2424));
#457=EDGE_LOOP('',(#2425,#2426,#2427,#2428));
#458=EDGE_LOOP('',(#2429,#2430,#2431,#2432));
#459=EDGE_LOOP('',(#2433,#2434,#2435,#2436,#2437,#2438,#2439,#2440));
#460=EDGE_LOOP('',(#2441,#2442,#2443,#2444));
#461=EDGE_LOOP('',(#2445,#2446,#2447,#2448));
#462=EDGE_LOOP('',(#2449,#2450,#2451,#2452));
#463=EDGE_LOOP('',(#2453,#2454,#2455,#2456));
#464=EDGE_LOOP('',(#2457,#2458,#2459,#2460));
#465=EDGE_LOOP('',(#2461,#2462,#2463,#2464,#2465,#2466,#2467,#2468));
#466=EDGE_LOOP('',(#2469,#2470,#2471,#2472));
#467=EDGE_LOOP('',(#2473,#2474,#2475,#2476));
#468=EDGE_LOOP('',(#2477,#2478,#2479,#2480));
#469=EDGE_LOOP('',(#2481,#2482,#2483,#2484,#2485,#2486,#2487,#2488));
#470=EDGE_LOOP('',(#2489,#2490,#2491,#2492));
#471=EDGE_LOOP('',(#2493,#2494,#2495,#2496));
#472=EDGE_LOOP('',(#2497,#2498,#2499,#2500));
#473=EDGE_LOOP('',(#2501,#2502,#2503,#2504));
#474=EDGE_LOOP('',(#2505,#2506,#2507,#2508));
#475=EDGE_LOOP('',(#2509,#2510,#2511,#2512,#2513,#2514,#2515,#2516));
#476=EDGE_LOOP('',(#2517,#2518,#2519,#2520));
#477=EDGE_LOOP('',(#2521,#2522,#2523,#2524,#2525,#2526,#2527,#2528));
#478=EDGE_LOOP('',(#2529,#2530,#2531,#2532));
#479=EDGE_LOOP('',(#2533,#2534,#2535,#2536));
#480=EDGE_LOOP('',(#2537,#2538,#2539,#2540));
#481=EDGE_LOOP('',(#2541,#2542,#2543,#2544));
#482=EDGE_LOOP('',(#2545,#2546,#2547,#2548));
#483=EDGE_LOOP('',(#2549,#2550,#2551,#2552));
#484=EDGE_LOOP('',(#2553,#2554,#2555,#2556));
#485=EDGE_LOOP('',(#2557,#2558,#2559,#2560,#2561,#2562,#2563,#2564));
#486=EDGE_LOOP('',(#2565,#2566,#2567,#2568));
#487=EDGE_LOOP('',(#2569,#2570,#2571,#2572));
#488=EDGE_LOOP('',(#2573,#2574,#2575,#2576));
#489=EDGE_LOOP('',(#2577,#2578,#2579,#2580,#2581,#2582,#2583,#2584));
#490=EDGE_LOOP('',(#2585,#2586,#2587,#2588));
#491=EDGE_LOOP('',(#2589,#2590,#2591,#2592));
#492=EDGE_LOOP('',(#2593,#2594,#2595,#2596));
#493=EDGE_LOOP('',(#2597,#2598,#2599,#2600));
#494=EDGE_LOOP('',(#2601,#2602,#2603,#2604));
#495=EDGE_LOOP('',(#2605,#2606,#2607,#2608,#2609,#2610,#2611,#2612));
#496=EDGE_LOOP('',(#2613,#2614,#2615,#2616));
#497=EDGE_LOOP('',(#2617,#2618,#2619,#2620));
#498=EDGE_LOOP('',(#2621,#2622,#2623,#2624));
#499=EDGE_LOOP('',(#2625,#2626,#2627,#2628,#2629,#2630,#2631,#2632));
#500=EDGE_LOOP('',(#2633,#2634,#2635,#2636));
#501=EDGE_LOOP('',(#2637,#2638,#2639,#2640));
#502=EDGE_LOOP('',(#2641,#2642,#2643,#2644));
#503=EDGE_LOOP('',(#2645,#2646,#2647,#2648));
#504=EDGE_LOOP('',(#2649,#2650,#2651,#2652));
#505=EDGE_LOOP('',(#2653,#2654,#2655,#2656,#2657,#2658,#2659,#2660));
#506=EDGE_LOOP('',(#2661,#2662,#2663,#2664));
#507=EDGE_LOOP('',(#2665,#2666,#2667,#2668));
#508=EDGE_LOOP('',(#2669,#2670,#2671,#2672));
#509=EDGE_LOOP('',(#2673,#2674,#2675,#2676,#2677,#2678,#2679,#2680));
#510=EDGE_LOOP('',(#2681,#2682,#2683,#2684));
#511=EDGE_LOOP('',(#2685,#2686,#2687,#2688));
#512=EDGE_LOOP('',(#2689,#2690,#2691,#2692));
#513=EDGE_LOOP('',(#2693,#2694,#2695,#2696));
#514=EDGE_LOOP('',(#2697,#2698,#2699,#2700));
#515=EDGE_LOOP('',(#2701,#2702,#2703,#2704,#2705,#2706,#2707,#2708));
#516=EDGE_LOOP('',(#2709,#2710,#2711,#2712));
#517=EDGE_LOOP('',(#2713,#2714,#2715,#2716));
#518=EDGE_LOOP('',(#2717,#2718,#2719,#2720));
#519=EDGE_LOOP('',(#2721,#2722,#2723,#2724,#2725,#2726,#2727,#2728));
#520=EDGE_LOOP('',(#2729,#2730,#2731,#2732));
#521=CIRCLE('',#2974,0.995019226904542);
#522=CIRCLE('',#2975,0.995019226904542);
#523=CIRCLE('',#2984,0.1);
#524=CIRCLE('',#2985,0.1);
#525=CIRCLE('',#2988,0.1);
#526=CIRCLE('',#2989,0.1);
#527=CIRCLE('',#2998,0.1);
#528=CIRCLE('',#2999,0.1);
#529=CIRCLE('',#3002,0.1);
#530=CIRCLE('',#3003,0.1);
#531=CIRCLE('',#3012,0.1);
#532=CIRCLE('',#3013,0.1);
#533=CIRCLE('',#3016,0.1);
#534=CIRCLE('',#3017,0.1);
#535=CIRCLE('',#3026,0.1);
#536=CIRCLE('',#3027,0.1);
#537=CIRCLE('',#3030,0.1);
#538=CIRCLE('',#3031,0.1);
#539=CIRCLE('',#3040,0.1);
#540=CIRCLE('',#3041,0.1);
#541=CIRCLE('',#3044,0.1);
#542=CIRCLE('',#3045,0.1);
#543=CIRCLE('',#3054,0.1);
#544=CIRCLE('',#3055,0.1);
#545=CIRCLE('',#3058,0.1);
#546=CIRCLE('',#3059,0.1);
#547=CIRCLE('',#3068,0.1);
#548=CIRCLE('',#3069,0.1);
#549=CIRCLE('',#3072,0.1);
#550=CIRCLE('',#3073,0.1);
#551=CIRCLE('',#3082,0.1);
#552=CIRCLE('',#3083,0.1);
#553=CIRCLE('',#3086,0.1);
#554=CIRCLE('',#3087,0.1);
#555=CIRCLE('',#3096,0.1);
#556=CIRCLE('',#3097,0.1);
#557=CIRCLE('',#3100,0.1);
#558=CIRCLE('',#3101,0.1);
#559=CIRCLE('',#3110,0.1);
#560=CIRCLE('',#3111,0.1);
#561=CIRCLE('',#3114,0.1);
#562=CIRCLE('',#3115,0.1);
#563=CIRCLE('',#3124,0.1);
#564=CIRCLE('',#3125,0.1);
#565=CIRCLE('',#3128,0.1);
#566=CIRCLE('',#3129,0.1);
#567=CIRCLE('',#3138,0.1);
#568=CIRCLE('',#3139,0.1);
#569=CIRCLE('',#3142,0.1);
#570=CIRCLE('',#3143,0.1);
#571=CIRCLE('',#3152,0.1);
#572=CIRCLE('',#3153,0.1);
#573=CIRCLE('',#3156,0.1);
#574=CIRCLE('',#3157,0.1);
#575=CIRCLE('',#3166,0.1);
#576=CIRCLE('',#3167,0.1);
#577=CIRCLE('',#3170,0.1);
#578=CIRCLE('',#3171,0.1);
#579=CIRCLE('',#3180,0.1);
#580=CIRCLE('',#3181,0.1);
#581=CIRCLE('',#3184,0.1);
#582=CIRCLE('',#3185,0.1);
#583=CIRCLE('',#3194,0.1);
#584=CIRCLE('',#3195,0.1);
#585=CIRCLE('',#3198,0.1);
#586=CIRCLE('',#3199,0.1);
#587=LINE('',#4017,#923);
#588=LINE('',#4021,#924);
#589=LINE('',#4024,#925);
#590=LINE('',#4027,#926);
#591=LINE('',#4029,#927);
#592=LINE('',#4031,#928);
#593=LINE('',#4033,#929);
#594=LINE('',#4034,#930);
#595=LINE('',#4038,#931);
#596=LINE('',#4039,#932);
#597=LINE('',#4040,#933);
#598=LINE('',#4043,#934);
#599=LINE('',#4044,#935);
#600=LINE('',#4047,#936);
#601=LINE('',#4048,#937);
#602=LINE('',#4050,#938);
#603=LINE('',#4057,#939);
#604=LINE('',#4060,#940);
#605=LINE('',#4063,#941);
#606=LINE('',#4065,#942);
#607=LINE('',#4066,#943);
#608=LINE('',#4072,#944);
#609=LINE('',#4075,#945);
#610=LINE('',#4078,#946);
#611=LINE('',#4080,#947);
#612=LINE('',#4081,#948);
#613=LINE('',#4084,#949);
#614=LINE('',#4086,#950);
#615=LINE('',#4087,#951);
#616=LINE('',#4088,#952);
#617=LINE('',#4090,#953);
#618=LINE('',#4093,#954);
#619=LINE('',#4094,#955);
#620=LINE('',#4097,#956);
#621=LINE('',#4098,#957);
#622=LINE('',#4100,#958);
#623=LINE('',#4107,#959);
#624=LINE('',#4110,#960);
#625=LINE('',#4113,#961);
#626=LINE('',#4115,#962);
#627=LINE('',#4116,#963);
#628=LINE('',#4122,#964);
#629=LINE('',#4125,#965);
#630=LINE('',#4128,#966);
#631=LINE('',#4130,#967);
#632=LINE('',#4131,#968);
#633=LINE('',#4134,#969);
#634=LINE('',#4136,#970);
#635=LINE('',#4137,#971);
#636=LINE('',#4138,#972);
#637=LINE('',#4140,#973);
#638=LINE('',#4143,#974);
#639=LINE('',#4144,#975);
#640=LINE('',#4147,#976);
#641=LINE('',#4148,#977);
#642=LINE('',#4150,#978);
#643=LINE('',#4157,#979);
#644=LINE('',#4160,#980);
#645=LINE('',#4163,#981);
#646=LINE('',#4165,#982);
#647=LINE('',#4166,#983);
#648=LINE('',#4172,#984);
#649=LINE('',#4175,#985);
#650=LINE('',#4178,#986);
#651=LINE('',#4180,#987);
#652=LINE('',#4181,#988);
#653=LINE('',#4184,#989);
#654=LINE('',#4186,#990);
#655=LINE('',#4187,#991);
#656=LINE('',#4188,#992);
#657=LINE('',#4190,#993);
#658=LINE('',#4193,#994);
#659=LINE('',#4194,#995);
#660=LINE('',#4197,#996);
#661=LINE('',#4198,#997);
#662=LINE('',#4200,#998);
#663=LINE('',#4207,#999);
#664=LINE('',#4210,#1000);
#665=LINE('',#4213,#1001);
#666=LINE('',#4215,#1002);
#667=LINE('',#4216,#1003);
#668=LINE('',#4222,#1004);
#669=LINE('',#4225,#1005);
#670=LINE('',#4228,#1006);
#671=LINE('',#4230,#1007);
#672=LINE('',#4231,#1008);
#673=LINE('',#4234,#1009);
#674=LINE('',#4236,#1010);
#675=LINE('',#4237,#1011);
#676=LINE('',#4238,#1012);
#677=LINE('',#4240,#1013);
#678=LINE('',#4243,#1014);
#679=LINE('',#4245,#1015);
#680=LINE('',#4246,#1016);
#681=LINE('',#4248,#1017);
#682=LINE('',#4250,#1018);
#683=LINE('',#4257,#1019);
#684=LINE('',#4260,#1020);
#685=LINE('',#4263,#1021);
#686=LINE('',#4265,#1022);
#687=LINE('',#4266,#1023);
#688=LINE('',#4272,#1024);
#689=LINE('',#4275,#1025);
#690=LINE('',#4278,#1026);
#691=LINE('',#4280,#1027);
#692=LINE('',#4281,#1028);
#693=LINE('',#4284,#1029);
#694=LINE('',#4286,#1030);
#695=LINE('',#4287,#1031);
#696=LINE('',#4288,#1032);
#697=LINE('',#4290,#1033);
#698=LINE('',#4293,#1034);
#699=LINE('',#4294,#1035);
#700=LINE('',#4297,#1036);
#701=LINE('',#4298,#1037);
#702=LINE('',#4300,#1038);
#703=LINE('',#4307,#1039);
#704=LINE('',#4310,#1040);
#705=LINE('',#4313,#1041);
#706=LINE('',#4315,#1042);
#707=LINE('',#4316,#1043);
#708=LINE('',#4322,#1044);
#709=LINE('',#4325,#1045);
#710=LINE('',#4328,#1046);
#711=LINE('',#4330,#1047);
#712=LINE('',#4331,#1048);
#713=LINE('',#4334,#1049);
#714=LINE('',#4336,#1050);
#715=LINE('',#4337,#1051);
#716=LINE('',#4338,#1052);
#717=LINE('',#4340,#1053);
#718=LINE('',#4343,#1054);
#719=LINE('',#4344,#1055);
#720=LINE('',#4347,#1056);
#721=LINE('',#4348,#1057);
#722=LINE('',#4350,#1058);
#723=LINE('',#4357,#1059);
#724=LINE('',#4360,#1060);
#725=LINE('',#4363,#1061);
#726=LINE('',#4365,#1062);
#727=LINE('',#4366,#1063);
#728=LINE('',#4372,#1064);
#729=LINE('',#4375,#1065);
#730=LINE('',#4378,#1066);
#731=LINE('',#4380,#1067);
#732=LINE('',#4381,#1068);
#733=LINE('',#4384,#1069);
#734=LINE('',#4386,#1070);
#735=LINE('',#4387,#1071);
#736=LINE('',#4388,#1072);
#737=LINE('',#4390,#1073);
#738=LINE('',#4393,#1074);
#739=LINE('',#4394,#1075);
#740=LINE('',#4397,#1076);
#741=LINE('',#4398,#1077);
#742=LINE('',#4400,#1078);
#743=LINE('',#4407,#1079);
#744=LINE('',#4410,#1080);
#745=LINE('',#4413,#1081);
#746=LINE('',#4415,#1082);
#747=LINE('',#4416,#1083);
#748=LINE('',#4422,#1084);
#749=LINE('',#4425,#1085);
#750=LINE('',#4428,#1086);
#751=LINE('',#4430,#1087);
#752=LINE('',#4431,#1088);
#753=LINE('',#4434,#1089);
#754=LINE('',#4436,#1090);
#755=LINE('',#4437,#1091);
#756=LINE('',#4438,#1092);
#757=LINE('',#4440,#1093);
#758=LINE('',#4443,#1094);
#759=LINE('',#4444,#1095);
#760=LINE('',#4447,#1096);
#761=LINE('',#4448,#1097);
#762=LINE('',#4450,#1098);
#763=LINE('',#4457,#1099);
#764=LINE('',#4460,#1100);
#765=LINE('',#4463,#1101);
#766=LINE('',#4465,#1102);
#767=LINE('',#4466,#1103);
#768=LINE('',#4472,#1104);
#769=LINE('',#4475,#1105);
#770=LINE('',#4478,#1106);
#771=LINE('',#4480,#1107);
#772=LINE('',#4481,#1108);
#773=LINE('',#4483,#1109);
#774=LINE('',#4485,#1110);
#775=LINE('',#4487,#1111);
#776=LINE('',#4488,#1112);
#777=LINE('',#4490,#1113);
#778=LINE('',#4493,#1114);
#779=LINE('',#4494,#1115);
#780=LINE('',#4497,#1116);
#781=LINE('',#4498,#1117);
#782=LINE('',#4500,#1118);
#783=LINE('',#4507,#1119);
#784=LINE('',#4510,#1120);
#785=LINE('',#4513,#1121);
#786=LINE('',#4515,#1122);
#787=LINE('',#4516,#1123);
#788=LINE('',#4522,#1124);
#789=LINE('',#4525,#1125);
#790=LINE('',#4528,#1126);
#791=LINE('',#4530,#1127);
#792=LINE('',#4531,#1128);
#793=LINE('',#4533,#1129);
#794=LINE('',#4535,#1130);
#795=LINE('',#4537,#1131);
#796=LINE('',#4538,#1132);
#797=LINE('',#4540,#1133);
#798=LINE('',#4543,#1134);
#799=LINE('',#4544,#1135);
#800=LINE('',#4547,#1136);
#801=LINE('',#4548,#1137);
#802=LINE('',#4550,#1138);
#803=LINE('',#4557,#1139);
#804=LINE('',#4560,#1140);
#805=LINE('',#4563,#1141);
#806=LINE('',#4565,#1142);
#807=LINE('',#4566,#1143);
#808=LINE('',#4572,#1144);
#809=LINE('',#4575,#1145);
#810=LINE('',#4578,#1146);
#811=LINE('',#4580,#1147);
#812=LINE('',#4581,#1148);
#813=LINE('',#4583,#1149);
#814=LINE('',#4585,#1150);
#815=LINE('',#4587,#1151);
#816=LINE('',#4588,#1152);
#817=LINE('',#4590,#1153);
#818=LINE('',#4593,#1154);
#819=LINE('',#4594,#1155);
#820=LINE('',#4597,#1156);
#821=LINE('',#4598,#1157);
#822=LINE('',#4600,#1158);
#823=LINE('',#4607,#1159);
#824=LINE('',#4610,#1160);
#825=LINE('',#4613,#1161);
#826=LINE('',#4615,#1162);
#827=LINE('',#4616,#1163);
#828=LINE('',#4622,#1164);
#829=LINE('',#4625,#1165);
#830=LINE('',#4628,#1166);
#831=LINE('',#4630,#1167);
#832=LINE('',#4631,#1168);
#833=LINE('',#4633,#1169);
#834=LINE('',#4635,#1170);
#835=LINE('',#4637,#1171);
#836=LINE('',#4638,#1172);
#837=LINE('',#4640,#1173);
#838=LINE('',#4643,#1174);
#839=LINE('',#4645,#1175);
#840=LINE('',#4646,#1176);
#841=LINE('',#4648,#1177);
#842=LINE('',#4650,#1178);
#843=LINE('',#4657,#1179);
#844=LINE('',#4660,#1180);
#845=LINE('',#4663,#1181);
#846=LINE('',#4665,#1182);
#847=LINE('',#4666,#1183);
#848=LINE('',#4672,#1184);
#849=LINE('',#4675,#1185);
#850=LINE('',#4678,#1186);
#851=LINE('',#4680,#1187);
#852=LINE('',#4681,#1188);
#853=LINE('',#4683,#1189);
#854=LINE('',#4685,#1190);
#855=LINE('',#4687,#1191);
#856=LINE('',#4688,#1192);
#857=LINE('',#4690,#1193);
#858=LINE('',#4693,#1194);
#859=LINE('',#4694,#1195);
#860=LINE('',#4697,#1196);
#861=LINE('',#4698,#1197);
#862=LINE('',#4700,#1198);
#863=LINE('',#4707,#1199);
#864=LINE('',#4710,#1200);
#865=LINE('',#4713,#1201);
#866=LINE('',#4715,#1202);
#867=LINE('',#4716,#1203);
#868=LINE('',#4722,#1204);
#869=LINE('',#4725,#1205);
#870=LINE('',#4728,#1206);
#871=LINE('',#4730,#1207);
#872=LINE('',#4731,#1208);
#873=LINE('',#4733,#1209);
#874=LINE('',#4735,#1210);
#875=LINE('',#4737,#1211);
#876=LINE('',#4738,#1212);
#877=LINE('',#4740,#1213);
#878=LINE('',#4743,#1214);
#879=LINE('',#4744,#1215);
#880=LINE('',#4747,#1216);
#881=LINE('',#4748,#1217);
#882=LINE('',#4750,#1218);
#883=LINE('',#4757,#1219);
#884=LINE('',#4760,#1220);
#885=LINE('',#4763,#1221);
#886=LINE('',#4765,#1222);
#887=LINE('',#4766,#1223);
#888=LINE('',#4772,#1224);
#889=LINE('',#4775,#1225);
#890=LINE('',#4778,#1226);
#891=LINE('',#4780,#1227);
#892=LINE('',#4781,#1228);
#893=LINE('',#4783,#1229);
#894=LINE('',#4785,#1230);
#895=LINE('',#4787,#1231);
#896=LINE('',#4788,#1232);
#897=LINE('',#4790,#1233);
#898=LINE('',#4793,#1234);
#899=LINE('',#4794,#1235);
#900=LINE('',#4797,#1236);
#901=LINE('',#4798,#1237);
#902=LINE('',#4800,#1238);
#903=LINE('',#4807,#1239);
#904=LINE('',#4810,#1240);
#905=LINE('',#4813,#1241);
#906=LINE('',#4815,#1242);
#907=LINE('',#4816,#1243);
#908=LINE('',#4822,#1244);
#909=LINE('',#4825,#1245);
#910=LINE('',#4828,#1246);
#911=LINE('',#4830,#1247);
#912=LINE('',#4831,#1248);
#913=LINE('',#4833,#1249);
#914=LINE('',#4835,#1250);
#915=LINE('',#4837,#1251);
#916=LINE('',#4838,#1252);
#917=LINE('',#4840,#1253);
#918=LINE('',#4843,#1254);
#919=LINE('',#4844,#1255);
#920=LINE('',#4847,#1256);
#921=LINE('',#4848,#1257);
#922=LINE('',#4850,#1258);
#923=VECTOR('',#3211,10.);
#924=VECTOR('',#3214,10.);
#925=VECTOR('',#3219,10.);
#926=VECTOR('',#3222,10.);
#927=VECTOR('',#3223,10.);
#928=VECTOR('',#3224,10.);
#929=VECTOR('',#3225,10.);
#930=VECTOR('',#3226,10.);
#931=VECTOR('',#3229,10.);
#932=VECTOR('',#3230,10.);
#933=VECTOR('',#3231,10.);
#934=VECTOR('',#3234,10.);
#935=VECTOR('',#3235,10.);
#936=VECTOR('',#3238,10.);
#937=VECTOR('',#3239,10.);
#938=VECTOR('',#3242,10.);
#939=VECTOR('',#3249,10.);
#940=VECTOR('',#3252,10.);
#941=VECTOR('',#3255,10.);
#942=VECTOR('',#3256,10.);
#943=VECTOR('',#3257,10.);
#944=VECTOR('',#3262,10.);
#945=VECTOR('',#3265,10.);
#946=VECTOR('',#3268,10.);
#947=VECTOR('',#3269,10.);
#948=VECTOR('',#3270,10.);
#949=VECTOR('',#3273,10.);
#950=VECTOR('',#3274,10.);
#951=VECTOR('',#3275,10.);
#952=VECTOR('',#3276,10.);
#953=VECTOR('',#3279,10.);
#954=VECTOR('',#3282,10.);
#955=VECTOR('',#3283,10.);
#956=VECTOR('',#3286,10.);
#957=VECTOR('',#3287,10.);
#958=VECTOR('',#3290,10.);
#959=VECTOR('',#3297,10.);
#960=VECTOR('',#3300,10.);
#961=VECTOR('',#3303,10.);
#962=VECTOR('',#3304,10.);
#963=VECTOR('',#3305,10.);
#964=VECTOR('',#3310,10.);
#965=VECTOR('',#3313,10.);
#966=VECTOR('',#3316,10.);
#967=VECTOR('',#3317,10.);
#968=VECTOR('',#3318,10.);
#969=VECTOR('',#3321,10.);
#970=VECTOR('',#3322,10.);
#971=VECTOR('',#3323,10.);
#972=VECTOR('',#3324,10.);
#973=VECTOR('',#3327,10.);
#974=VECTOR('',#3330,10.);
#975=VECTOR('',#3331,10.);
#976=VECTOR('',#3334,10.);
#977=VECTOR('',#3335,10.);
#978=VECTOR('',#3338,10.);
#979=VECTOR('',#3345,10.);
#980=VECTOR('',#3348,10.);
#981=VECTOR('',#3351,10.);
#982=VECTOR('',#3352,10.);
#983=VECTOR('',#3353,10.);
#984=VECTOR('',#3358,10.);
#985=VECTOR('',#3361,10.);
#986=VECTOR('',#3364,10.);
#987=VECTOR('',#3365,10.);
#988=VECTOR('',#3366,10.);
#989=VECTOR('',#3369,10.);
#990=VECTOR('',#3370,10.);
#991=VECTOR('',#3371,10.);
#992=VECTOR('',#3372,10.);
#993=VECTOR('',#3375,10.);
#994=VECTOR('',#3378,10.);
#995=VECTOR('',#3379,10.);
#996=VECTOR('',#3382,10.);
#997=VECTOR('',#3383,10.);
#998=VECTOR('',#3386,10.);
#999=VECTOR('',#3393,10.);
#1000=VECTOR('',#3396,10.);
#1001=VECTOR('',#3399,10.);
#1002=VECTOR('',#3400,10.);
#1003=VECTOR('',#3401,10.);
#1004=VECTOR('',#3406,10.);
#1005=VECTOR('',#3409,10.);
#1006=VECTOR('',#3412,10.);
#1007=VECTOR('',#3413,10.);
#1008=VECTOR('',#3414,10.);
#1009=VECTOR('',#3417,10.);
#1010=VECTOR('',#3418,10.);
#1011=VECTOR('',#3419,10.);
#1012=VECTOR('',#3420,10.);
#1013=VECTOR('',#3423,10.);
#1014=VECTOR('',#3426,10.);
#1015=VECTOR('',#3427,10.);
#1016=VECTOR('',#3428,10.);
#1017=VECTOR('',#3431,10.);
#1018=VECTOR('',#3434,10.);
#1019=VECTOR('',#3441,10.);
#1020=VECTOR('',#3444,10.);
#1021=VECTOR('',#3447,10.);
#1022=VECTOR('',#3448,10.);
#1023=VECTOR('',#3449,10.);
#1024=VECTOR('',#3454,10.);
#1025=VECTOR('',#3457,10.);
#1026=VECTOR('',#3460,10.);
#1027=VECTOR('',#3461,10.);
#1028=VECTOR('',#3462,10.);
#1029=VECTOR('',#3465,10.);
#1030=VECTOR('',#3466,10.);
#1031=VECTOR('',#3467,10.);
#1032=VECTOR('',#3468,10.);
#1033=VECTOR('',#3471,10.);
#1034=VECTOR('',#3474,10.);
#1035=VECTOR('',#3475,10.);
#1036=VECTOR('',#3478,10.);
#1037=VECTOR('',#3479,10.);
#1038=VECTOR('',#3482,10.);
#1039=VECTOR('',#3489,10.);
#1040=VECTOR('',#3492,10.);
#1041=VECTOR('',#3495,10.);
#1042=VECTOR('',#3496,10.);
#1043=VECTOR('',#3497,10.);
#1044=VECTOR('',#3502,10.);
#1045=VECTOR('',#3505,10.);
#1046=VECTOR('',#3508,10.);
#1047=VECTOR('',#3509,10.);
#1048=VECTOR('',#3510,10.);
#1049=VECTOR('',#3513,10.);
#1050=VECTOR('',#3514,10.);
#1051=VECTOR('',#3515,10.);
#1052=VECTOR('',#3516,10.);
#1053=VECTOR('',#3519,10.);
#1054=VECTOR('',#3522,10.);
#1055=VECTOR('',#3523,10.);
#1056=VECTOR('',#3526,10.);
#1057=VECTOR('',#3527,10.);
#1058=VECTOR('',#3530,10.);
#1059=VECTOR('',#3537,10.);
#1060=VECTOR('',#3540,10.);
#1061=VECTOR('',#3543,10.);
#1062=VECTOR('',#3544,10.);
#1063=VECTOR('',#3545,10.);
#1064=VECTOR('',#3550,10.);
#1065=VECTOR('',#3553,10.);
#1066=VECTOR('',#3556,10.);
#1067=VECTOR('',#3557,10.);
#1068=VECTOR('',#3558,10.);
#1069=VECTOR('',#3561,10.);
#1070=VECTOR('',#3562,10.);
#1071=VECTOR('',#3563,10.);
#1072=VECTOR('',#3564,10.);
#1073=VECTOR('',#3567,10.);
#1074=VECTOR('',#3570,10.);
#1075=VECTOR('',#3571,10.);
#1076=VECTOR('',#3574,10.);
#1077=VECTOR('',#3575,10.);
#1078=VECTOR('',#3578,10.);
#1079=VECTOR('',#3585,10.);
#1080=VECTOR('',#3588,10.);
#1081=VECTOR('',#3591,10.);
#1082=VECTOR('',#3592,10.);
#1083=VECTOR('',#3593,10.);
#1084=VECTOR('',#3598,10.);
#1085=VECTOR('',#3601,10.);
#1086=VECTOR('',#3604,10.);
#1087=VECTOR('',#3605,10.);
#1088=VECTOR('',#3606,10.);
#1089=VECTOR('',#3609,10.);
#1090=VECTOR('',#3610,10.);
#1091=VECTOR('',#3611,10.);
#1092=VECTOR('',#3612,10.);
#1093=VECTOR('',#3615,10.);
#1094=VECTOR('',#3618,10.);
#1095=VECTOR('',#3619,10.);
#1096=VECTOR('',#3622,10.);
#1097=VECTOR('',#3623,10.);
#1098=VECTOR('',#3626,10.);
#1099=VECTOR('',#3633,10.);
#1100=VECTOR('',#3636,10.);
#1101=VECTOR('',#3639,10.);
#1102=VECTOR('',#3640,10.);
#1103=VECTOR('',#3641,10.);
#1104=VECTOR('',#3646,10.);
#1105=VECTOR('',#3649,10.);
#1106=VECTOR('',#3652,10.);
#1107=VECTOR('',#3653,10.);
#1108=VECTOR('',#3654,10.);
#1109=VECTOR('',#3657,10.);
#1110=VECTOR('',#3658,10.);
#1111=VECTOR('',#3659,10.);
#1112=VECTOR('',#3660,10.);
#1113=VECTOR('',#3663,10.);
#1114=VECTOR('',#3666,10.);
#1115=VECTOR('',#3667,10.);
#1116=VECTOR('',#3670,10.);
#1117=VECTOR('',#3671,10.);
#1118=VECTOR('',#3674,10.);
#1119=VECTOR('',#3681,10.);
#1120=VECTOR('',#3684,10.);
#1121=VECTOR('',#3687,10.);
#1122=VECTOR('',#3688,10.);
#1123=VECTOR('',#3689,10.);
#1124=VECTOR('',#3694,10.);
#1125=VECTOR('',#3697,10.);
#1126=VECTOR('',#3700,10.);
#1127=VECTOR('',#3701,10.);
#1128=VECTOR('',#3702,10.);
#1129=VECTOR('',#3705,10.);
#1130=VECTOR('',#3706,10.);
#1131=VECTOR('',#3707,10.);
#1132=VECTOR('',#3708,10.);
#1133=VECTOR('',#3711,10.);
#1134=VECTOR('',#3714,10.);
#1135=VECTOR('',#3715,10.);
#1136=VECTOR('',#3718,10.);
#1137=VECTOR('',#3719,10.);
#1138=VECTOR('',#3722,10.);
#1139=VECTOR('',#3729,10.);
#1140=VECTOR('',#3732,10.);
#1141=VECTOR('',#3735,10.);
#1142=VECTOR('',#3736,10.);
#1143=VECTOR('',#3737,10.);
#1144=VECTOR('',#3742,10.);
#1145=VECTOR('',#3745,10.);
#1146=VECTOR('',#3748,10.);
#1147=VECTOR('',#3749,10.);
#1148=VECTOR('',#3750,10.);
#1149=VECTOR('',#3753,10.);
#1150=VECTOR('',#3754,10.);
#1151=VECTOR('',#3755,10.);
#1152=VECTOR('',#3756,10.);
#1153=VECTOR('',#3759,10.);
#1154=VECTOR('',#3762,10.);
#1155=VECTOR('',#3763,10.);
#1156=VECTOR('',#3766,10.);
#1157=VECTOR('',#3767,10.);
#1158=VECTOR('',#3770,10.);
#1159=VECTOR('',#3777,10.);
#1160=VECTOR('',#3780,10.);
#1161=VECTOR('',#3783,10.);
#1162=VECTOR('',#3784,10.);
#1163=VECTOR('',#3785,10.);
#1164=VECTOR('',#3790,10.);
#1165=VECTOR('',#3793,10.);
#1166=VECTOR('',#3796,10.);
#1167=VECTOR('',#3797,10.);
#1168=VECTOR('',#3798,10.);
#1169=VECTOR('',#3801,10.);
#1170=VECTOR('',#3802,10.);
#1171=VECTOR('',#3803,10.);
#1172=VECTOR('',#3804,10.);
#1173=VECTOR('',#3807,10.);
#1174=VECTOR('',#3810,10.);
#1175=VECTOR('',#3811,10.);
#1176=VECTOR('',#3812,10.);
#1177=VECTOR('',#3815,10.);
#1178=VECTOR('',#3818,10.);
#1179=VECTOR('',#3825,10.);
#1180=VECTOR('',#3828,10.);
#1181=VECTOR('',#3831,10.);
#1182=VECTOR('',#3832,10.);
#1183=VECTOR('',#3833,10.);
#1184=VECTOR('',#3838,10.);
#1185=VECTOR('',#3841,10.);
#1186=VECTOR('',#3844,10.);
#1187=VECTOR('',#3845,10.);
#1188=VECTOR('',#3846,10.);
#1189=VECTOR('',#3849,10.);
#1190=VECTOR('',#3850,10.);
#1191=VECTOR('',#3851,10.);
#1192=VECTOR('',#3852,10.);
#1193=VECTOR('',#3855,10.);
#1194=VECTOR('',#3858,10.);
#1195=VECTOR('',#3859,10.);
#1196=VECTOR('',#3862,10.);
#1197=VECTOR('',#3863,10.);
#1198=VECTOR('',#3866,10.);
#1199=VECTOR('',#3873,10.);
#1200=VECTOR('',#3876,10.);
#1201=VECTOR('',#3879,10.);
#1202=VECTOR('',#3880,10.);
#1203=VECTOR('',#3881,10.);
#1204=VECTOR('',#3886,10.);
#1205=VECTOR('',#3889,10.);
#1206=VECTOR('',#3892,10.);
#1207=VECTOR('',#3893,10.);
#1208=VECTOR('',#3894,10.);
#1209=VECTOR('',#3897,10.);
#1210=VECTOR('',#3898,10.);
#1211=VECTOR('',#3899,10.);
#1212=VECTOR('',#3900,10.);
#1213=VECTOR('',#3903,10.);
#1214=VECTOR('',#3906,10.);
#1215=VECTOR('',#3907,10.);
#1216=VECTOR('',#3910,10.);
#1217=VECTOR('',#3911,10.);
#1218=VECTOR('',#3914,10.);
#1219=VECTOR('',#3921,10.);
#1220=VECTOR('',#3924,10.);
#1221=VECTOR('',#3927,10.);
#1222=VECTOR('',#3928,10.);
#1223=VECTOR('',#3929,10.);
#1224=VECTOR('',#3934,10.);
#1225=VECTOR('',#3937,10.);
#1226=VECTOR('',#3940,10.);
#1227=VECTOR('',#3941,10.);
#1228=VECTOR('',#3942,10.);
#1229=VECTOR('',#3945,10.);
#1230=VECTOR('',#3946,10.);
#1231=VECTOR('',#3947,10.);
#1232=VECTOR('',#3948,10.);
#1233=VECTOR('',#3951,10.);
#1234=VECTOR('',#3954,10.);
#1235=VECTOR('',#3955,10.);
#1236=VECTOR('',#3958,10.);
#1237=VECTOR('',#3959,10.);
#1238=VECTOR('',#3962,10.);
#1239=VECTOR('',#3969,10.);
#1240=VECTOR('',#3972,10.);
#1241=VECTOR('',#3975,10.);
#1242=VECTOR('',#3976,10.);
#1243=VECTOR('',#3977,10.);
#1244=VECTOR('',#3982,10.);
#1245=VECTOR('',#3985,10.);
#1246=VECTOR('',#3988,10.);
#1247=VECTOR('',#3989,10.);
#1248=VECTOR('',#3990,10.);
#1249=VECTOR('',#3993,10.);
#1250=VECTOR('',#3994,10.);
#1251=VECTOR('',#3995,10.);
#1252=VECTOR('',#3996,10.);
#1253=VECTOR('',#3999,10.);
#1254=VECTOR('',#4002,10.);
#1255=VECTOR('',#4003,10.);
#1256=VECTOR('',#4006,10.);
#1257=VECTOR('',#4007,10.);
#1258=VECTOR('',#4010,10.);
#1259=VERTEX_POINT('',#4015);
#1260=VERTEX_POINT('',#4016);
#1261=VERTEX_POINT('',#4018);
#1262=VERTEX_POINT('',#4020);
#1263=VERTEX_POINT('',#4026);
#1264=VERTEX_POINT('',#4028);
#1265=VERTEX_POINT('',#4030);
#1266=VERTEX_POINT('',#4032);
#1267=VERTEX_POINT('',#4036);
#1268=VERTEX_POINT('',#4037);
#1269=VERTEX_POINT('',#4042);
#1270=VERTEX_POINT('',#4046);
#1271=VERTEX_POINT('',#4053);
#1272=VERTEX_POINT('',#4054);
#1273=VERTEX_POINT('',#4056);
#1274=VERTEX_POINT('',#4058);
#1275=VERTEX_POINT('',#4062);
#1276=VERTEX_POINT('',#4064);
#1277=VERTEX_POINT('',#4068);
#1278=VERTEX_POINT('',#4069);
#1279=VERTEX_POINT('',#4071);
#1280=VERTEX_POINT('',#4073);
#1281=VERTEX_POINT('',#4077);
#1282=VERTEX_POINT('',#4079);
#1283=VERTEX_POINT('',#4083);
#1284=VERTEX_POINT('',#4085);
#1285=VERTEX_POINT('',#4092);
#1286=VERTEX_POINT('',#4096);
#1287=VERTEX_POINT('',#4103);
#1288=VERTEX_POINT('',#4104);
#1289=VERTEX_POINT('',#4106);
#1290=VERTEX_POINT('',#4108);
#1291=VERTEX_POINT('',#4112);
#1292=VERTEX_POINT('',#4114);
#1293=VERTEX_POINT('',#4118);
#1294=VERTEX_POINT('',#4119);
#1295=VERTEX_POINT('',#4121);
#1296=VERTEX_POINT('',#4123);
#1297=VERTEX_POINT('',#4127);
#1298=VERTEX_POINT('',#4129);
#1299=VERTEX_POINT('',#4133);
#1300=VERTEX_POINT('',#4135);
#1301=VERTEX_POINT('',#4142);
#1302=VERTEX_POINT('',#4146);
#1303=VERTEX_POINT('',#4153);
#1304=VERTEX_POINT('',#4154);
#1305=VERTEX_POINT('',#4156);
#1306=VERTEX_POINT('',#4158);
#1307=VERTEX_POINT('',#4162);
#1308=VERTEX_POINT('',#4164);
#1309=VERTEX_POINT('',#4168);
#1310=VERTEX_POINT('',#4169);
#1311=VERTEX_POINT('',#4171);
#1312=VERTEX_POINT('',#4173);
#1313=VERTEX_POINT('',#4177);
#1314=VERTEX_POINT('',#4179);
#1315=VERTEX_POINT('',#4183);
#1316=VERTEX_POINT('',#4185);
#1317=VERTEX_POINT('',#4192);
#1318=VERTEX_POINT('',#4196);
#1319=VERTEX_POINT('',#4203);
#1320=VERTEX_POINT('',#4204);
#1321=VERTEX_POINT('',#4206);
#1322=VERTEX_POINT('',#4208);
#1323=VERTEX_POINT('',#4212);
#1324=VERTEX_POINT('',#4214);
#1325=VERTEX_POINT('',#4218);
#1326=VERTEX_POINT('',#4219);
#1327=VERTEX_POINT('',#4221);
#1328=VERTEX_POINT('',#4223);
#1329=VERTEX_POINT('',#4227);
#1330=VERTEX_POINT('',#4229);
#1331=VERTEX_POINT('',#4233);
#1332=VERTEX_POINT('',#4235);
#1333=VERTEX_POINT('',#4242);
#1334=VERTEX_POINT('',#4244);
#1335=VERTEX_POINT('',#4253);
#1336=VERTEX_POINT('',#4254);
#1337=VERTEX_POINT('',#4256);
#1338=VERTEX_POINT('',#4258);
#1339=VERTEX_POINT('',#4262);
#1340=VERTEX_POINT('',#4264);
#1341=VERTEX_POINT('',#4268);
#1342=VERTEX_POINT('',#4269);
#1343=VERTEX_POINT('',#4271);
#1344=VERTEX_POINT('',#4273);
#1345=VERTEX_POINT('',#4277);
#1346=VERTEX_POINT('',#4279);
#1347=VERTEX_POINT('',#4283);
#1348=VERTEX_POINT('',#4285);
#1349=VERTEX_POINT('',#4292);
#1350=VERTEX_POINT('',#4296);
#1351=VERTEX_POINT('',#4303);
#1352=VERTEX_POINT('',#4304);
#1353=VERTEX_POINT('',#4306);
#1354=VERTEX_POINT('',#4308);
#1355=VERTEX_POINT('',#4312);
#1356=VERTEX_POINT('',#4314);
#1357=VERTEX_POINT('',#4318);
#1358=VERTEX_POINT('',#4319);
#1359=VERTEX_POINT('',#4321);
#1360=VERTEX_POINT('',#4323);
#1361=VERTEX_POINT('',#4327);
#1362=VERTEX_POINT('',#4329);
#1363=VERTEX_POINT('',#4333);
#1364=VERTEX_POINT('',#4335);
#1365=VERTEX_POINT('',#4342);
#1366=VERTEX_POINT('',#4346);
#1367=VERTEX_POINT('',#4353);
#1368=VERTEX_POINT('',#4354);
#1369=VERTEX_POINT('',#4356);
#1370=VERTEX_POINT('',#4358);
#1371=VERTEX_POINT('',#4362);
#1372=VERTEX_POINT('',#4364);
#1373=VERTEX_POINT('',#4368);
#1374=VERTEX_POINT('',#4369);
#1375=VERTEX_POINT('',#4371);
#1376=VERTEX_POINT('',#4373);
#1377=VERTEX_POINT('',#4377);
#1378=VERTEX_POINT('',#4379);
#1379=VERTEX_POINT('',#4383);
#1380=VERTEX_POINT('',#4385);
#1381=VERTEX_POINT('',#4392);
#1382=VERTEX_POINT('',#4396);
#1383=VERTEX_POINT('',#4403);
#1384=VERTEX_POINT('',#4404);
#1385=VERTEX_POINT('',#4406);
#1386=VERTEX_POINT('',#4408);
#1387=VERTEX_POINT('',#4412);
#1388=VERTEX_POINT('',#4414);
#1389=VERTEX_POINT('',#4418);
#1390=VERTEX_POINT('',#4419);
#1391=VERTEX_POINT('',#4421);
#1392=VERTEX_POINT('',#4423);
#1393=VERTEX_POINT('',#4427);
#1394=VERTEX_POINT('',#4429);
#1395=VERTEX_POINT('',#4433);
#1396=VERTEX_POINT('',#4435);
#1397=VERTEX_POINT('',#4442);
#1398=VERTEX_POINT('',#4446);
#1399=VERTEX_POINT('',#4453);
#1400=VERTEX_POINT('',#4454);
#1401=VERTEX_POINT('',#4456);
#1402=VERTEX_POINT('',#4458);
#1403=VERTEX_POINT('',#4462);
#1404=VERTEX_POINT('',#4464);
#1405=VERTEX_POINT('',#4468);
#1406=VERTEX_POINT('',#4469);
#1407=VERTEX_POINT('',#4471);
#1408=VERTEX_POINT('',#4473);
#1409=VERTEX_POINT('',#4477);
#1410=VERTEX_POINT('',#4479);
#1411=VERTEX_POINT('',#4484);
#1412=VERTEX_POINT('',#4486);
#1413=VERTEX_POINT('',#4492);
#1414=VERTEX_POINT('',#4496);
#1415=VERTEX_POINT('',#4503);
#1416=VERTEX_POINT('',#4504);
#1417=VERTEX_POINT('',#4506);
#1418=VERTEX_POINT('',#4508);
#1419=VERTEX_POINT('',#4512);
#1420=VERTEX_POINT('',#4514);
#1421=VERTEX_POINT('',#4518);
#1422=VERTEX_POINT('',#4519);
#1423=VERTEX_POINT('',#4521);
#1424=VERTEX_POINT('',#4523);
#1425=VERTEX_POINT('',#4527);
#1426=VERTEX_POINT('',#4529);
#1427=VERTEX_POINT('',#4534);
#1428=VERTEX_POINT('',#4536);
#1429=VERTEX_POINT('',#4542);
#1430=VERTEX_POINT('',#4546);
#1431=VERTEX_POINT('',#4553);
#1432=VERTEX_POINT('',#4554);
#1433=VERTEX_POINT('',#4556);
#1434=VERTEX_POINT('',#4558);
#1435=VERTEX_POINT('',#4562);
#1436=VERTEX_POINT('',#4564);
#1437=VERTEX_POINT('',#4568);
#1438=VERTEX_POINT('',#4569);
#1439=VERTEX_POINT('',#4571);
#1440=VERTEX_POINT('',#4573);
#1441=VERTEX_POINT('',#4577);
#1442=VERTEX_POINT('',#4579);
#1443=VERTEX_POINT('',#4584);
#1444=VERTEX_POINT('',#4586);
#1445=VERTEX_POINT('',#4592);
#1446=VERTEX_POINT('',#4596);
#1447=VERTEX_POINT('',#4603);
#1448=VERTEX_POINT('',#4604);
#1449=VERTEX_POINT('',#4606);
#1450=VERTEX_POINT('',#4608);
#1451=VERTEX_POINT('',#4612);
#1452=VERTEX_POINT('',#4614);
#1453=VERTEX_POINT('',#4618);
#1454=VERTEX_POINT('',#4619);
#1455=VERTEX_POINT('',#4621);
#1456=VERTEX_POINT('',#4623);
#1457=VERTEX_POINT('',#4627);
#1458=VERTEX_POINT('',#4629);
#1459=VERTEX_POINT('',#4634);
#1460=VERTEX_POINT('',#4636);
#1461=VERTEX_POINT('',#4642);
#1462=VERTEX_POINT('',#4644);
#1463=VERTEX_POINT('',#4653);
#1464=VERTEX_POINT('',#4654);
#1465=VERTEX_POINT('',#4656);
#1466=VERTEX_POINT('',#4658);
#1467=VERTEX_POINT('',#4662);
#1468=VERTEX_POINT('',#4664);
#1469=VERTEX_POINT('',#4668);
#1470=VERTEX_POINT('',#4669);
#1471=VERTEX_POINT('',#4671);
#1472=VERTEX_POINT('',#4673);
#1473=VERTEX_POINT('',#4677);
#1474=VERTEX_POINT('',#4679);
#1475=VERTEX_POINT('',#4684);
#1476=VERTEX_POINT('',#4686);
#1477=VERTEX_POINT('',#4692);
#1478=VERTEX_POINT('',#4696);
#1479=VERTEX_POINT('',#4703);
#1480=VERTEX_POINT('',#4704);
#1481=VERTEX_POINT('',#4706);
#1482=VERTEX_POINT('',#4708);
#1483=VERTEX_POINT('',#4712);
#1484=VERTEX_POINT('',#4714);
#1485=VERTEX_POINT('',#4718);
#1486=VERTEX_POINT('',#4719);
#1487=VERTEX_POINT('',#4721);
#1488=VERTEX_POINT('',#4723);
#1489=VERTEX_POINT('',#4727);
#1490=VERTEX_POINT('',#4729);
#1491=VERTEX_POINT('',#4734);
#1492=VERTEX_POINT('',#4736);
#1493=VERTEX_POINT('',#4742);
#1494=VERTEX_POINT('',#4746);
#1495=VERTEX_POINT('',#4753);
#1496=VERTEX_POINT('',#4754);
#1497=VERTEX_POINT('',#4756);
#1498=VERTEX_POINT('',#4758);
#1499=VERTEX_POINT('',#4762);
#1500=VERTEX_POINT('',#4764);
#1501=VERTEX_POINT('',#4768);
#1502=VERTEX_POINT('',#4769);
#1503=VERTEX_POINT('',#4771);
#1504=VERTEX_POINT('',#4773);
#1505=VERTEX_POINT('',#4777);
#1506=VERTEX_POINT('',#4779);
#1507=VERTEX_POINT('',#4784);
#1508=VERTEX_POINT('',#4786);
#1509=VERTEX_POINT('',#4792);
#1510=VERTEX_POINT('',#4796);
#1511=VERTEX_POINT('',#4803);
#1512=VERTEX_POINT('',#4804);
#1513=VERTEX_POINT('',#4806);
#1514=VERTEX_POINT('',#4808);
#1515=VERTEX_POINT('',#4812);
#1516=VERTEX_POINT('',#4814);
#1517=VERTEX_POINT('',#4818);
#1518=VERTEX_POINT('',#4819);
#1519=VERTEX_POINT('',#4821);
#1520=VERTEX_POINT('',#4823);
#1521=VERTEX_POINT('',#4827);
#1522=VERTEX_POINT('',#4829);
#1523=VERTEX_POINT('',#4834);
#1524=VERTEX_POINT('',#4836);
#1525=VERTEX_POINT('',#4842);
#1526=VERTEX_POINT('',#4846);
#1527=EDGE_CURVE('',#1259,#1260,#587,.T.);
#1528=EDGE_CURVE('',#1259,#1261,#521,.T.);
#1529=EDGE_CURVE('',#1262,#1261,#588,.T.);
#1530=EDGE_CURVE('',#1260,#1262,#522,.T.);
#1531=EDGE_CURVE('',#1261,#1259,#589,.T.);
#1532=EDGE_CURVE('',#1262,#1263,#590,.T.);
#1533=EDGE_CURVE('',#1263,#1264,#591,.T.);
#1534=EDGE_CURVE('',#1264,#1265,#592,.T.);
#1535=EDGE_CURVE('',#1265,#1266,#593,.T.);
#1536=EDGE_CURVE('',#1266,#1260,#594,.T.);
#1537=EDGE_CURVE('',#1267,#1268,#595,.T.);
#1538=EDGE_CURVE('',#1268,#1264,#596,.T.);
#1539=EDGE_CURVE('',#1267,#1263,#597,.T.);
#1540=EDGE_CURVE('',#1269,#1266,#598,.T.);
#1541=EDGE_CURVE('',#1269,#1267,#599,.T.);
#1542=EDGE_CURVE('',#1270,#1269,#600,.T.);
#1543=EDGE_CURVE('',#1270,#1265,#601,.T.);
#1544=EDGE_CURVE('',#1268,#1270,#602,.T.);
#1545=EDGE_CURVE('',#1271,#1272,#523,.T.);
#1546=EDGE_CURVE('',#1272,#1273,#603,.T.);
#1547=EDGE_CURVE('',#1273,#1274,#524,.T.);
#1548=EDGE_CURVE('',#1274,#1271,#604,.T.);
#1549=EDGE_CURVE('',#1272,#1275,#605,.T.);
#1550=EDGE_CURVE('',#1276,#1275,#606,.T.);
#1551=EDGE_CURVE('',#1273,#1276,#607,.T.);
#1552=EDGE_CURVE('',#1277,#1278,#525,.T.);
#1553=EDGE_CURVE('',#1278,#1279,#608,.T.);
#1554=EDGE_CURVE('',#1279,#1280,#526,.T.);
#1555=EDGE_CURVE('',#1280,#1277,#609,.T.);
#1556=EDGE_CURVE('',#1278,#1281,#610,.T.);
#1557=EDGE_CURVE('',#1282,#1281,#611,.T.);
#1558=EDGE_CURVE('',#1279,#1282,#612,.T.);
#1559=EDGE_CURVE('',#1283,#1277,#613,.T.);
#1560=EDGE_CURVE('',#1283,#1284,#614,.T.);
#1561=EDGE_CURVE('',#1284,#1274,#615,.T.);
#1562=EDGE_CURVE('',#1281,#1276,#616,.T.);
#1563=EDGE_CURVE('',#1275,#1282,#617,.T.);
#1564=EDGE_CURVE('',#1284,#1285,#618,.T.);
#1565=EDGE_CURVE('',#1285,#1271,#619,.T.);
#1566=EDGE_CURVE('',#1286,#1280,#620,.T.);
#1567=EDGE_CURVE('',#1286,#1283,#621,.T.);
#1568=EDGE_CURVE('',#1285,#1286,#622,.T.);
#1569=EDGE_CURVE('',#1287,#1288,#527,.T.);
#1570=EDGE_CURVE('',#1288,#1289,#623,.T.);
#1571=EDGE_CURVE('',#1289,#1290,#528,.T.);
#1572=EDGE_CURVE('',#1290,#1287,#624,.T.);
#1573=EDGE_CURVE('',#1288,#1291,#625,.T.);
#1574=EDGE_CURVE('',#1292,#1291,#626,.T.);
#1575=EDGE_CURVE('',#1289,#1292,#627,.T.);
#1576=EDGE_CURVE('',#1293,#1294,#529,.T.);
#1577=EDGE_CURVE('',#1294,#1295,#628,.T.);
#1578=EDGE_CURVE('',#1295,#1296,#530,.T.);
#1579=EDGE_CURVE('',#1296,#1293,#629,.T.);
#1580=EDGE_CURVE('',#1294,#1297,#630,.T.);
#1581=EDGE_CURVE('',#1298,#1297,#631,.T.);
#1582=EDGE_CURVE('',#1295,#1298,#632,.T.);
#1583=EDGE_CURVE('',#1299,#1293,#633,.T.);
#1584=EDGE_CURVE('',#1299,#1300,#634,.T.);
#1585=EDGE_CURVE('',#1300,#1290,#635,.T.);
#1586=EDGE_CURVE('',#1297,#1292,#636,.T.);
#1587=EDGE_CURVE('',#1291,#1298,#637,.T.);
#1588=EDGE_CURVE('',#1300,#1301,#638,.T.);
#1589=EDGE_CURVE('',#1301,#1287,#639,.T.);
#1590=EDGE_CURVE('',#1302,#1296,#640,.T.);
#1591=EDGE_CURVE('',#1302,#1299,#641,.T.);
#1592=EDGE_CURVE('',#1301,#1302,#642,.T.);
#1593=EDGE_CURVE('',#1303,#1304,#531,.T.);
#1594=EDGE_CURVE('',#1304,#1305,#643,.T.);
#1595=EDGE_CURVE('',#1305,#1306,#532,.T.);
#1596=EDGE_CURVE('',#1306,#1303,#644,.T.);
#1597=EDGE_CURVE('',#1304,#1307,#645,.T.);
#1598=EDGE_CURVE('',#1308,#1307,#646,.T.);
#1599=EDGE_CURVE('',#1305,#1308,#647,.T.);
#1600=EDGE_CURVE('',#1309,#1310,#533,.T.);
#1601=EDGE_CURVE('',#1310,#1311,#648,.T.);
#1602=EDGE_CURVE('',#1311,#1312,#534,.T.);
#1603=EDGE_CURVE('',#1312,#1309,#649,.T.);
#1604=EDGE_CURVE('',#1310,#1313,#650,.T.);
#1605=EDGE_CURVE('',#1314,#1313,#651,.T.);
#1606=EDGE_CURVE('',#1311,#1314,#652,.T.);
#1607=EDGE_CURVE('',#1315,#1309,#653,.T.);
#1608=EDGE_CURVE('',#1315,#1316,#654,.T.);
#1609=EDGE_CURVE('',#1316,#1306,#655,.T.);
#1610=EDGE_CURVE('',#1313,#1308,#656,.T.);
#1611=EDGE_CURVE('',#1307,#1314,#657,.T.);
#1612=EDGE_CURVE('',#1316,#1317,#658,.T.);
#1613=EDGE_CURVE('',#1317,#1303,#659,.T.);
#1614=EDGE_CURVE('',#1318,#1312,#660,.T.);
#1615=EDGE_CURVE('',#1318,#1315,#661,.T.);
#1616=EDGE_CURVE('',#1317,#1318,#662,.T.);
#1617=EDGE_CURVE('',#1319,#1320,#535,.T.);
#1618=EDGE_CURVE('',#1320,#1321,#663,.T.);
#1619=EDGE_CURVE('',#1321,#1322,#536,.T.);
#1620=EDGE_CURVE('',#1322,#1319,#664,.T.);
#1621=EDGE_CURVE('',#1320,#1323,#665,.T.);
#1622=EDGE_CURVE('',#1324,#1323,#666,.T.);
#1623=EDGE_CURVE('',#1321,#1324,#667,.T.);
#1624=EDGE_CURVE('',#1325,#1326,#537,.T.);
#1625=EDGE_CURVE('',#1326,#1327,#668,.T.);
#1626=EDGE_CURVE('',#1327,#1328,#538,.T.);
#1627=EDGE_CURVE('',#1328,#1325,#669,.T.);
#1628=EDGE_CURVE('',#1326,#1329,#670,.T.);
#1629=EDGE_CURVE('',#1330,#1329,#671,.T.);
#1630=EDGE_CURVE('',#1327,#1330,#672,.T.);
#1631=EDGE_CURVE('',#1331,#1325,#673,.T.);
#1632=EDGE_CURVE('',#1331,#1332,#674,.T.);
#1633=EDGE_CURVE('',#1332,#1322,#675,.T.);
#1634=EDGE_CURVE('',#1329,#1324,#676,.T.);
#1635=EDGE_CURVE('',#1323,#1330,#677,.T.);
#1636=EDGE_CURVE('',#1333,#1319,#678,.T.);
#1637=EDGE_CURVE('',#1333,#1334,#679,.T.);
#1638=EDGE_CURVE('',#1334,#1328,#680,.T.);
#1639=EDGE_CURVE('',#1332,#1333,#681,.T.);
#1640=EDGE_CURVE('',#1334,#1331,#682,.T.);
#1641=EDGE_CURVE('',#1335,#1336,#539,.T.);
#1642=EDGE_CURVE('',#1336,#1337,#683,.T.);
#1643=EDGE_CURVE('',#1337,#1338,#540,.T.);
#1644=EDGE_CURVE('',#1338,#1335,#684,.T.);
#1645=EDGE_CURVE('',#1336,#1339,#685,.T.);
#1646=EDGE_CURVE('',#1340,#1339,#686,.T.);
#1647=EDGE_CURVE('',#1337,#1340,#687,.T.);
#1648=EDGE_CURVE('',#1341,#1342,#541,.T.);
#1649=EDGE_CURVE('',#1342,#1343,#688,.T.);
#1650=EDGE_CURVE('',#1343,#1344,#542,.T.);
#1651=EDGE_CURVE('',#1344,#1341,#689,.T.);
#1652=EDGE_CURVE('',#1342,#1345,#690,.T.);
#1653=EDGE_CURVE('',#1346,#1345,#691,.T.);
#1654=EDGE_CURVE('',#1343,#1346,#692,.T.);
#1655=EDGE_CURVE('',#1347,#1341,#693,.T.);
#1656=EDGE_CURVE('',#1347,#1348,#694,.T.);
#1657=EDGE_CURVE('',#1348,#1338,#695,.T.);
#1658=EDGE_CURVE('',#1345,#1340,#696,.T.);
#1659=EDGE_CURVE('',#1339,#1346,#697,.T.);
#1660=EDGE_CURVE('',#1348,#1349,#698,.T.);
#1661=EDGE_CURVE('',#1349,#1335,#699,.T.);
#1662=EDGE_CURVE('',#1350,#1344,#700,.T.);
#1663=EDGE_CURVE('',#1350,#1347,#701,.T.);
#1664=EDGE_CURVE('',#1349,#1350,#702,.T.);
#1665=EDGE_CURVE('',#1351,#1352,#543,.T.);
#1666=EDGE_CURVE('',#1352,#1353,#703,.T.);
#1667=EDGE_CURVE('',#1353,#1354,#544,.T.);
#1668=EDGE_CURVE('',#1354,#1351,#704,.T.);
#1669=EDGE_CURVE('',#1352,#1355,#705,.T.);
#1670=EDGE_CURVE('',#1356,#1355,#706,.T.);
#1671=EDGE_CURVE('',#1353,#1356,#707,.T.);
#1672=EDGE_CURVE('',#1357,#1358,#545,.T.);
#1673=EDGE_CURVE('',#1358,#1359,#708,.T.);
#1674=EDGE_CURVE('',#1359,#1360,#546,.T.);
#1675=EDGE_CURVE('',#1360,#1357,#709,.T.);
#1676=EDGE_CURVE('',#1358,#1361,#710,.T.);
#1677=EDGE_CURVE('',#1362,#1361,#711,.T.);
#1678=EDGE_CURVE('',#1359,#1362,#712,.T.);
#1679=EDGE_CURVE('',#1363,#1357,#713,.T.);
#1680=EDGE_CURVE('',#1363,#1364,#714,.T.);
#1681=EDGE_CURVE('',#1364,#1354,#715,.T.);
#1682=EDGE_CURVE('',#1361,#1356,#716,.T.);
#1683=EDGE_CURVE('',#1355,#1362,#717,.T.);
#1684=EDGE_CURVE('',#1364,#1365,#718,.T.);
#1685=EDGE_CURVE('',#1365,#1351,#719,.T.);
#1686=EDGE_CURVE('',#1366,#1360,#720,.T.);
#1687=EDGE_CURVE('',#1366,#1363,#721,.T.);
#1688=EDGE_CURVE('',#1365,#1366,#722,.T.);
#1689=EDGE_CURVE('',#1367,#1368,#547,.T.);
#1690=EDGE_CURVE('',#1368,#1369,#723,.T.);
#1691=EDGE_CURVE('',#1369,#1370,#548,.T.);
#1692=EDGE_CURVE('',#1370,#1367,#724,.T.);
#1693=EDGE_CURVE('',#1368,#1371,#725,.T.);
#1694=EDGE_CURVE('',#1372,#1371,#726,.T.);
#1695=EDGE_CURVE('',#1369,#1372,#727,.T.);
#1696=EDGE_CURVE('',#1373,#1374,#549,.T.);
#1697=EDGE_CURVE('',#1374,#1375,#728,.T.);
#1698=EDGE_CURVE('',#1375,#1376,#550,.T.);
#1699=EDGE_CURVE('',#1376,#1373,#729,.T.);
#1700=EDGE_CURVE('',#1374,#1377,#730,.T.);
#1701=EDGE_CURVE('',#1378,#1377,#731,.T.);
#1702=EDGE_CURVE('',#1375,#1378,#732,.T.);
#1703=EDGE_CURVE('',#1379,#1373,#733,.T.);
#1704=EDGE_CURVE('',#1379,#1380,#734,.T.);
#1705=EDGE_CURVE('',#1380,#1370,#735,.T.);
#1706=EDGE_CURVE('',#1377,#1372,#736,.T.);
#1707=EDGE_CURVE('',#1371,#1378,#737,.T.);
#1708=EDGE_CURVE('',#1380,#1381,#738,.T.);
#1709=EDGE_CURVE('',#1381,#1367,#739,.T.);
#1710=EDGE_CURVE('',#1382,#1376,#740,.T.);
#1711=EDGE_CURVE('',#1382,#1379,#741,.T.);
#1712=EDGE_CURVE('',#1381,#1382,#742,.T.);
#1713=EDGE_CURVE('',#1383,#1384,#551,.T.);
#1714=EDGE_CURVE('',#1384,#1385,#743,.T.);
#1715=EDGE_CURVE('',#1385,#1386,#552,.T.);
#1716=EDGE_CURVE('',#1386,#1383,#744,.T.);
#1717=EDGE_CURVE('',#1384,#1387,#745,.T.);
#1718=EDGE_CURVE('',#1388,#1387,#746,.T.);
#1719=EDGE_CURVE('',#1385,#1388,#747,.T.);
#1720=EDGE_CURVE('',#1389,#1390,#553,.T.);
#1721=EDGE_CURVE('',#1390,#1391,#748,.T.);
#1722=EDGE_CURVE('',#1391,#1392,#554,.T.);
#1723=EDGE_CURVE('',#1392,#1389,#749,.T.);
#1724=EDGE_CURVE('',#1390,#1393,#750,.T.);
#1725=EDGE_CURVE('',#1394,#1393,#751,.T.);
#1726=EDGE_CURVE('',#1391,#1394,#752,.T.);
#1727=EDGE_CURVE('',#1395,#1389,#753,.T.);
#1728=EDGE_CURVE('',#1395,#1396,#754,.T.);
#1729=EDGE_CURVE('',#1396,#1386,#755,.T.);
#1730=EDGE_CURVE('',#1393,#1388,#756,.T.);
#1731=EDGE_CURVE('',#1387,#1394,#757,.T.);
#1732=EDGE_CURVE('',#1396,#1397,#758,.T.);
#1733=EDGE_CURVE('',#1397,#1383,#759,.T.);
#1734=EDGE_CURVE('',#1398,#1392,#760,.T.);
#1735=EDGE_CURVE('',#1398,#1395,#761,.T.);
#1736=EDGE_CURVE('',#1397,#1398,#762,.T.);
#1737=EDGE_CURVE('',#1399,#1400,#555,.T.);
#1738=EDGE_CURVE('',#1401,#1399,#763,.T.);
#1739=EDGE_CURVE('',#1402,#1401,#556,.T.);
#1740=EDGE_CURVE('',#1400,#1402,#764,.T.);
#1741=EDGE_CURVE('',#1402,#1403,#765,.T.);
#1742=EDGE_CURVE('',#1403,#1404,#766,.T.);
#1743=EDGE_CURVE('',#1400,#1404,#767,.T.);
#1744=EDGE_CURVE('',#1405,#1406,#557,.T.);
#1745=EDGE_CURVE('',#1407,#1405,#768,.T.);
#1746=EDGE_CURVE('',#1408,#1407,#558,.T.);
#1747=EDGE_CURVE('',#1406,#1408,#769,.T.);
#1748=EDGE_CURVE('',#1408,#1409,#770,.T.);
#1749=EDGE_CURVE('',#1409,#1410,#771,.T.);
#1750=EDGE_CURVE('',#1406,#1410,#772,.T.);
#1751=EDGE_CURVE('',#1410,#1403,#773,.T.);
#1752=EDGE_CURVE('',#1411,#1401,#774,.T.);
#1753=EDGE_CURVE('',#1412,#1411,#775,.T.);
#1754=EDGE_CURVE('',#1412,#1405,#776,.T.);
#1755=EDGE_CURVE('',#1404,#1409,#777,.T.);
#1756=EDGE_CURVE('',#1413,#1399,#778,.T.);
#1757=EDGE_CURVE('',#1411,#1413,#779,.T.);
#1758=EDGE_CURVE('',#1414,#1412,#780,.T.);
#1759=EDGE_CURVE('',#1414,#1407,#781,.T.);
#1760=EDGE_CURVE('',#1413,#1414,#782,.T.);
#1761=EDGE_CURVE('',#1415,#1416,#559,.T.);
#1762=EDGE_CURVE('',#1417,#1415,#783,.T.);
#1763=EDGE_CURVE('',#1418,#1417,#560,.T.);
#1764=EDGE_CURVE('',#1416,#1418,#784,.T.);
#1765=EDGE_CURVE('',#1418,#1419,#785,.T.);
#1766=EDGE_CURVE('',#1419,#1420,#786,.T.);
#1767=EDGE_CURVE('',#1416,#1420,#787,.T.);
#1768=EDGE_CURVE('',#1421,#1422,#561,.T.);
#1769=EDGE_CURVE('',#1423,#1421,#788,.T.);
#1770=EDGE_CURVE('',#1424,#1423,#562,.T.);
#1771=EDGE_CURVE('',#1422,#1424,#789,.T.);
#1772=EDGE_CURVE('',#1424,#1425,#790,.T.);
#1773=EDGE_CURVE('',#1425,#1426,#791,.T.);
#1774=EDGE_CURVE('',#1422,#1426,#792,.T.);
#1775=EDGE_CURVE('',#1426,#1419,#793,.T.);
#1776=EDGE_CURVE('',#1427,#1417,#794,.T.);
#1777=EDGE_CURVE('',#1428,#1427,#795,.T.);
#1778=EDGE_CURVE('',#1428,#1421,#796,.T.);
#1779=EDGE_CURVE('',#1420,#1425,#797,.T.);
#1780=EDGE_CURVE('',#1429,#1415,#798,.T.);
#1781=EDGE_CURVE('',#1427,#1429,#799,.T.);
#1782=EDGE_CURVE('',#1430,#1428,#800,.T.);
#1783=EDGE_CURVE('',#1430,#1423,#801,.T.);
#1784=EDGE_CURVE('',#1429,#1430,#802,.T.);
#1785=EDGE_CURVE('',#1431,#1432,#563,.T.);
#1786=EDGE_CURVE('',#1433,#1431,#803,.T.);
#1787=EDGE_CURVE('',#1434,#1433,#564,.T.);
#1788=EDGE_CURVE('',#1432,#1434,#804,.T.);
#1789=EDGE_CURVE('',#1434,#1435,#805,.T.);
#1790=EDGE_CURVE('',#1435,#1436,#806,.T.);
#1791=EDGE_CURVE('',#1432,#1436,#807,.T.);
#1792=EDGE_CURVE('',#1437,#1438,#565,.T.);
#1793=EDGE_CURVE('',#1439,#1437,#808,.T.);
#1794=EDGE_CURVE('',#1440,#1439,#566,.T.);
#1795=EDGE_CURVE('',#1438,#1440,#809,.T.);
#1796=EDGE_CURVE('',#1440,#1441,#810,.T.);
#1797=EDGE_CURVE('',#1441,#1442,#811,.T.);
#1798=EDGE_CURVE('',#1438,#1442,#812,.T.);
#1799=EDGE_CURVE('',#1442,#1435,#813,.T.);
#1800=EDGE_CURVE('',#1443,#1433,#814,.T.);
#1801=EDGE_CURVE('',#1444,#1443,#815,.T.);
#1802=EDGE_CURVE('',#1444,#1437,#816,.T.);
#1803=EDGE_CURVE('',#1436,#1441,#817,.T.);
#1804=EDGE_CURVE('',#1445,#1431,#818,.T.);
#1805=EDGE_CURVE('',#1443,#1445,#819,.T.);
#1806=EDGE_CURVE('',#1446,#1444,#820,.T.);
#1807=EDGE_CURVE('',#1446,#1439,#821,.T.);
#1808=EDGE_CURVE('',#1445,#1446,#822,.T.);
#1809=EDGE_CURVE('',#1447,#1448,#567,.T.);
#1810=EDGE_CURVE('',#1449,#1447,#823,.T.);
#1811=EDGE_CURVE('',#1450,#1449,#568,.T.);
#1812=EDGE_CURVE('',#1448,#1450,#824,.T.);
#1813=EDGE_CURVE('',#1450,#1451,#825,.T.);
#1814=EDGE_CURVE('',#1451,#1452,#826,.T.);
#1815=EDGE_CURVE('',#1448,#1452,#827,.T.);
#1816=EDGE_CURVE('',#1453,#1454,#569,.T.);
#1817=EDGE_CURVE('',#1455,#1453,#828,.T.);
#1818=EDGE_CURVE('',#1456,#1455,#570,.T.);
#1819=EDGE_CURVE('',#1454,#1456,#829,.T.);
#1820=EDGE_CURVE('',#1456,#1457,#830,.T.);
#1821=EDGE_CURVE('',#1457,#1458,#831,.T.);
#1822=EDGE_CURVE('',#1454,#1458,#832,.T.);
#1823=EDGE_CURVE('',#1458,#1451,#833,.T.);
#1824=EDGE_CURVE('',#1459,#1449,#834,.T.);
#1825=EDGE_CURVE('',#1460,#1459,#835,.T.);
#1826=EDGE_CURVE('',#1460,#1453,#836,.T.);
#1827=EDGE_CURVE('',#1452,#1457,#837,.T.);
#1828=EDGE_CURVE('',#1461,#1455,#838,.T.);
#1829=EDGE_CURVE('',#1462,#1461,#839,.T.);
#1830=EDGE_CURVE('',#1462,#1447,#840,.T.);
#1831=EDGE_CURVE('',#1459,#1462,#841,.T.);
#1832=EDGE_CURVE('',#1461,#1460,#842,.T.);
#1833=EDGE_CURVE('',#1463,#1464,#571,.T.);
#1834=EDGE_CURVE('',#1465,#1463,#843,.T.);
#1835=EDGE_CURVE('',#1466,#1465,#572,.T.);
#1836=EDGE_CURVE('',#1464,#1466,#844,.T.);
#1837=EDGE_CURVE('',#1466,#1467,#845,.T.);
#1838=EDGE_CURVE('',#1467,#1468,#846,.T.);
#1839=EDGE_CURVE('',#1464,#1468,#847,.T.);
#1840=EDGE_CURVE('',#1469,#1470,#573,.T.);
#1841=EDGE_CURVE('',#1471,#1469,#848,.T.);
#1842=EDGE_CURVE('',#1472,#1471,#574,.T.);
#1843=EDGE_CURVE('',#1470,#1472,#849,.T.);
#1844=EDGE_CURVE('',#1472,#1473,#850,.T.);
#1845=EDGE_CURVE('',#1473,#1474,#851,.T.);
#1846=EDGE_CURVE('',#1470,#1474,#852,.T.);
#1847=EDGE_CURVE('',#1474,#1467,#853,.T.);
#1848=EDGE_CURVE('',#1475,#1465,#854,.T.);
#1849=EDGE_CURVE('',#1476,#1475,#855,.T.);
#1850=EDGE_CURVE('',#1476,#1469,#856,.T.);
#1851=EDGE_CURVE('',#1468,#1473,#857,.T.);
#1852=EDGE_CURVE('',#1477,#1463,#858,.T.);
#1853=EDGE_CURVE('',#1475,#1477,#859,.T.);
#1854=EDGE_CURVE('',#1478,#1476,#860,.T.);
#1855=EDGE_CURVE('',#1478,#1471,#861,.T.);
#1856=EDGE_CURVE('',#1477,#1478,#862,.T.);
#1857=EDGE_CURVE('',#1479,#1480,#575,.T.);
#1858=EDGE_CURVE('',#1481,#1479,#863,.T.);
#1859=EDGE_CURVE('',#1482,#1481,#576,.T.);
#1860=EDGE_CURVE('',#1480,#1482,#864,.T.);
#1861=EDGE_CURVE('',#1482,#1483,#865,.T.);
#1862=EDGE_CURVE('',#1483,#1484,#866,.T.);
#1863=EDGE_CURVE('',#1480,#1484,#867,.T.);
#1864=EDGE_CURVE('',#1485,#1486,#577,.T.);
#1865=EDGE_CURVE('',#1487,#1485,#868,.T.);
#1866=EDGE_CURVE('',#1488,#1487,#578,.T.);
#1867=EDGE_CURVE('',#1486,#1488,#869,.T.);
#1868=EDGE_CURVE('',#1488,#1489,#870,.T.);
#1869=EDGE_CURVE('',#1489,#1490,#871,.T.);
#1870=EDGE_CURVE('',#1486,#1490,#872,.T.);
#1871=EDGE_CURVE('',#1490,#1483,#873,.T.);
#1872=EDGE_CURVE('',#1491,#1481,#874,.T.);
#1873=EDGE_CURVE('',#1492,#1491,#875,.T.);
#1874=EDGE_CURVE('',#1492,#1485,#876,.T.);
#1875=EDGE_CURVE('',#1484,#1489,#877,.T.);
#1876=EDGE_CURVE('',#1493,#1479,#878,.T.);
#1877=EDGE_CURVE('',#1491,#1493,#879,.T.);
#1878=EDGE_CURVE('',#1494,#1492,#880,.T.);
#1879=EDGE_CURVE('',#1494,#1487,#881,.T.);
#1880=EDGE_CURVE('',#1493,#1494,#882,.T.);
#1881=EDGE_CURVE('',#1495,#1496,#579,.T.);
#1882=EDGE_CURVE('',#1497,#1495,#883,.T.);
#1883=EDGE_CURVE('',#1498,#1497,#580,.T.);
#1884=EDGE_CURVE('',#1496,#1498,#884,.T.);
#1885=EDGE_CURVE('',#1498,#1499,#885,.T.);
#1886=EDGE_CURVE('',#1499,#1500,#886,.T.);
#1887=EDGE_CURVE('',#1496,#1500,#887,.T.);
#1888=EDGE_CURVE('',#1501,#1502,#581,.T.);
#1889=EDGE_CURVE('',#1503,#1501,#888,.T.);
#1890=EDGE_CURVE('',#1504,#1503,#582,.T.);
#1891=EDGE_CURVE('',#1502,#1504,#889,.T.);
#1892=EDGE_CURVE('',#1504,#1505,#890,.T.);
#1893=EDGE_CURVE('',#1505,#1506,#891,.T.);
#1894=EDGE_CURVE('',#1502,#1506,#892,.T.);
#1895=EDGE_CURVE('',#1506,#1499,#893,.T.);
#1896=EDGE_CURVE('',#1507,#1497,#894,.T.);
#1897=EDGE_CURVE('',#1508,#1507,#895,.T.);
#1898=EDGE_CURVE('',#1508,#1501,#896,.T.);
#1899=EDGE_CURVE('',#1500,#1505,#897,.T.);
#1900=EDGE_CURVE('',#1509,#1495,#898,.T.);
#1901=EDGE_CURVE('',#1507,#1509,#899,.T.);
#1902=EDGE_CURVE('',#1510,#1508,#900,.T.);
#1903=EDGE_CURVE('',#1510,#1503,#901,.T.);
#1904=EDGE_CURVE('',#1509,#1510,#902,.T.);
#1905=EDGE_CURVE('',#1511,#1512,#583,.T.);
#1906=EDGE_CURVE('',#1513,#1511,#903,.T.);
#1907=EDGE_CURVE('',#1514,#1513,#584,.T.);
#1908=EDGE_CURVE('',#1512,#1514,#904,.T.);
#1909=EDGE_CURVE('',#1514,#1515,#905,.T.);
#1910=EDGE_CURVE('',#1515,#1516,#906,.T.);
#1911=EDGE_CURVE('',#1512,#1516,#907,.T.);
#1912=EDGE_CURVE('',#1517,#1518,#585,.T.);
#1913=EDGE_CURVE('',#1519,#1517,#908,.T.);
#1914=EDGE_CURVE('',#1520,#1519,#586,.T.);
#1915=EDGE_CURVE('',#1518,#1520,#909,.T.);
#1916=EDGE_CURVE('',#1520,#1521,#910,.T.);
#1917=EDGE_CURVE('',#1521,#1522,#911,.T.);
#1918=EDGE_CURVE('',#1518,#1522,#912,.T.);
#1919=EDGE_CURVE('',#1522,#1515,#913,.T.);
#1920=EDGE_CURVE('',#1523,#1513,#914,.T.);
#1921=EDGE_CURVE('',#1524,#1523,#915,.T.);
#1922=EDGE_CURVE('',#1524,#1517,#916,.T.);
#1923=EDGE_CURVE('',#1516,#1521,#917,.T.);
#1924=EDGE_CURVE('',#1525,#1511,#918,.T.);
#1925=EDGE_CURVE('',#1523,#1525,#919,.T.);
#1926=EDGE_CURVE('',#1526,#1524,#920,.T.);
#1927=EDGE_CURVE('',#1526,#1519,#921,.T.);
#1928=EDGE_CURVE('',#1525,#1526,#922,.T.);
#1929=ORIENTED_EDGE('',*,*,#1527,.F.);
#1930=ORIENTED_EDGE('',*,*,#1528,.T.);
#1931=ORIENTED_EDGE('',*,*,#1529,.F.);
#1932=ORIENTED_EDGE('',*,*,#1530,.F.);
#1933=ORIENTED_EDGE('',*,*,#1531,.F.);
#1934=ORIENTED_EDGE('',*,*,#1528,.F.);
#1935=ORIENTED_EDGE('',*,*,#1530,.T.);
#1936=ORIENTED_EDGE('',*,*,#1532,.T.);
#1937=ORIENTED_EDGE('',*,*,#1533,.T.);
#1938=ORIENTED_EDGE('',*,*,#1534,.T.);
#1939=ORIENTED_EDGE('',*,*,#1535,.T.);
#1940=ORIENTED_EDGE('',*,*,#1536,.T.);
#1941=ORIENTED_EDGE('',*,*,#1537,.T.);
#1942=ORIENTED_EDGE('',*,*,#1538,.T.);
#1943=ORIENTED_EDGE('',*,*,#1533,.F.);
#1944=ORIENTED_EDGE('',*,*,#1539,.F.);
#1945=ORIENTED_EDGE('',*,*,#1527,.T.);
#1946=ORIENTED_EDGE('',*,*,#1536,.F.);
#1947=ORIENTED_EDGE('',*,*,#1540,.F.);
#1948=ORIENTED_EDGE('',*,*,#1541,.T.);
#1949=ORIENTED_EDGE('',*,*,#1539,.T.);
#1950=ORIENTED_EDGE('',*,*,#1532,.F.);
#1951=ORIENTED_EDGE('',*,*,#1529,.T.);
#1952=ORIENTED_EDGE('',*,*,#1531,.T.);
#1953=ORIENTED_EDGE('',*,*,#1542,.T.);
#1954=ORIENTED_EDGE('',*,*,#1540,.T.);
#1955=ORIENTED_EDGE('',*,*,#1535,.F.);
#1956=ORIENTED_EDGE('',*,*,#1543,.F.);
#1957=ORIENTED_EDGE('',*,*,#1544,.T.);
#1958=ORIENTED_EDGE('',*,*,#1543,.T.);
#1959=ORIENTED_EDGE('',*,*,#1534,.F.);
#1960=ORIENTED_EDGE('',*,*,#1538,.F.);
#1961=ORIENTED_EDGE('',*,*,#1544,.F.);
#1962=ORIENTED_EDGE('',*,*,#1537,.F.);
#1963=ORIENTED_EDGE('',*,*,#1541,.F.);
#1964=ORIENTED_EDGE('',*,*,#1542,.F.);
#1965=ORIENTED_EDGE('',*,*,#1545,.T.);
#1966=ORIENTED_EDGE('',*,*,#1546,.T.);
#1967=ORIENTED_EDGE('',*,*,#1547,.T.);
#1968=ORIENTED_EDGE('',*,*,#1548,.T.);
#1969=ORIENTED_EDGE('',*,*,#1546,.F.);
#1970=ORIENTED_EDGE('',*,*,#1549,.T.);
#1971=ORIENTED_EDGE('',*,*,#1550,.F.);
#1972=ORIENTED_EDGE('',*,*,#1551,.F.);
#1973=ORIENTED_EDGE('',*,*,#1552,.T.);
#1974=ORIENTED_EDGE('',*,*,#1553,.T.);
#1975=ORIENTED_EDGE('',*,*,#1554,.T.);
#1976=ORIENTED_EDGE('',*,*,#1555,.T.);
#1977=ORIENTED_EDGE('',*,*,#1553,.F.);
#1978=ORIENTED_EDGE('',*,*,#1556,.T.);
#1979=ORIENTED_EDGE('',*,*,#1557,.F.);
#1980=ORIENTED_EDGE('',*,*,#1558,.F.);
#1981=ORIENTED_EDGE('',*,*,#1552,.F.);
#1982=ORIENTED_EDGE('',*,*,#1559,.F.);
#1983=ORIENTED_EDGE('',*,*,#1560,.T.);
#1984=ORIENTED_EDGE('',*,*,#1561,.T.);
#1985=ORIENTED_EDGE('',*,*,#1547,.F.);
#1986=ORIENTED_EDGE('',*,*,#1551,.T.);
#1987=ORIENTED_EDGE('',*,*,#1562,.F.);
#1988=ORIENTED_EDGE('',*,*,#1556,.F.);
#1989=ORIENTED_EDGE('',*,*,#1562,.T.);
#1990=ORIENTED_EDGE('',*,*,#1550,.T.);
#1991=ORIENTED_EDGE('',*,*,#1563,.T.);
#1992=ORIENTED_EDGE('',*,*,#1557,.T.);
#1993=ORIENTED_EDGE('',*,*,#1548,.F.);
#1994=ORIENTED_EDGE('',*,*,#1561,.F.);
#1995=ORIENTED_EDGE('',*,*,#1564,.T.);
#1996=ORIENTED_EDGE('',*,*,#1565,.T.);
#1997=ORIENTED_EDGE('',*,*,#1555,.F.);
#1998=ORIENTED_EDGE('',*,*,#1566,.F.);
#1999=ORIENTED_EDGE('',*,*,#1567,.T.);
#2000=ORIENTED_EDGE('',*,*,#1559,.T.);
#2001=ORIENTED_EDGE('',*,*,#1554,.F.);
#2002=ORIENTED_EDGE('',*,*,#1558,.T.);
#2003=ORIENTED_EDGE('',*,*,#1563,.F.);
#2004=ORIENTED_EDGE('',*,*,#1549,.F.);
#2005=ORIENTED_EDGE('',*,*,#1545,.F.);
#2006=ORIENTED_EDGE('',*,*,#1565,.F.);
#2007=ORIENTED_EDGE('',*,*,#1568,.T.);
#2008=ORIENTED_EDGE('',*,*,#1566,.T.);
#2009=ORIENTED_EDGE('',*,*,#1568,.F.);
#2010=ORIENTED_EDGE('',*,*,#1564,.F.);
#2011=ORIENTED_EDGE('',*,*,#1560,.F.);
#2012=ORIENTED_EDGE('',*,*,#1567,.F.);
#2013=ORIENTED_EDGE('',*,*,#1569,.T.);
#2014=ORIENTED_EDGE('',*,*,#1570,.T.);
#2015=ORIENTED_EDGE('',*,*,#1571,.T.);
#2016=ORIENTED_EDGE('',*,*,#1572,.T.);
#2017=ORIENTED_EDGE('',*,*,#1570,.F.);
#2018=ORIENTED_EDGE('',*,*,#1573,.T.);
#2019=ORIENTED_EDGE('',*,*,#1574,.F.);
#2020=ORIENTED_EDGE('',*,*,#1575,.F.);
#2021=ORIENTED_EDGE('',*,*,#1576,.T.);
#2022=ORIENTED_EDGE('',*,*,#1577,.T.);
#2023=ORIENTED_EDGE('',*,*,#1578,.T.);
#2024=ORIENTED_EDGE('',*,*,#1579,.T.);
#2025=ORIENTED_EDGE('',*,*,#1577,.F.);
#2026=ORIENTED_EDGE('',*,*,#1580,.T.);
#2027=ORIENTED_EDGE('',*,*,#1581,.F.);
#2028=ORIENTED_EDGE('',*,*,#1582,.F.);
#2029=ORIENTED_EDGE('',*,*,#1576,.F.);
#2030=ORIENTED_EDGE('',*,*,#1583,.F.);
#2031=ORIENTED_EDGE('',*,*,#1584,.T.);
#2032=ORIENTED_EDGE('',*,*,#1585,.T.);
#2033=ORIENTED_EDGE('',*,*,#1571,.F.);
#2034=ORIENTED_EDGE('',*,*,#1575,.T.);
#2035=ORIENTED_EDGE('',*,*,#1586,.F.);
#2036=ORIENTED_EDGE('',*,*,#1580,.F.);
#2037=ORIENTED_EDGE('',*,*,#1586,.T.);
#2038=ORIENTED_EDGE('',*,*,#1574,.T.);
#2039=ORIENTED_EDGE('',*,*,#1587,.T.);
#2040=ORIENTED_EDGE('',*,*,#1581,.T.);
#2041=ORIENTED_EDGE('',*,*,#1572,.F.);
#2042=ORIENTED_EDGE('',*,*,#1585,.F.);
#2043=ORIENTED_EDGE('',*,*,#1588,.T.);
#2044=ORIENTED_EDGE('',*,*,#1589,.T.);
#2045=ORIENTED_EDGE('',*,*,#1579,.F.);
#2046=ORIENTED_EDGE('',*,*,#1590,.F.);
#2047=ORIENTED_EDGE('',*,*,#1591,.T.);
#2048=ORIENTED_EDGE('',*,*,#1583,.T.);
#2049=ORIENTED_EDGE('',*,*,#1578,.F.);
#2050=ORIENTED_EDGE('',*,*,#1582,.T.);
#2051=ORIENTED_EDGE('',*,*,#1587,.F.);
#2052=ORIENTED_EDGE('',*,*,#1573,.F.);
#2053=ORIENTED_EDGE('',*,*,#1569,.F.);
#2054=ORIENTED_EDGE('',*,*,#1589,.F.);
#2055=ORIENTED_EDGE('',*,*,#1592,.T.);
#2056=ORIENTED_EDGE('',*,*,#1590,.T.);
#2057=ORIENTED_EDGE('',*,*,#1592,.F.);
#2058=ORIENTED_EDGE('',*,*,#1588,.F.);
#2059=ORIENTED_EDGE('',*,*,#1584,.F.);
#2060=ORIENTED_EDGE('',*,*,#1591,.F.);
#2061=ORIENTED_EDGE('',*,*,#1593,.T.);
#2062=ORIENTED_EDGE('',*,*,#1594,.T.);
#2063=ORIENTED_EDGE('',*,*,#1595,.T.);
#2064=ORIENTED_EDGE('',*,*,#1596,.T.);
#2065=ORIENTED_EDGE('',*,*,#1594,.F.);
#2066=ORIENTED_EDGE('',*,*,#1597,.T.);
#2067=ORIENTED_EDGE('',*,*,#1598,.F.);
#2068=ORIENTED_EDGE('',*,*,#1599,.F.);
#2069=ORIENTED_EDGE('',*,*,#1600,.T.);
#2070=ORIENTED_EDGE('',*,*,#1601,.T.);
#2071=ORIENTED_EDGE('',*,*,#1602,.T.);
#2072=ORIENTED_EDGE('',*,*,#1603,.T.);
#2073=ORIENTED_EDGE('',*,*,#1601,.F.);
#2074=ORIENTED_EDGE('',*,*,#1604,.T.);
#2075=ORIENTED_EDGE('',*,*,#1605,.F.);
#2076=ORIENTED_EDGE('',*,*,#1606,.F.);
#2077=ORIENTED_EDGE('',*,*,#1600,.F.);
#2078=ORIENTED_EDGE('',*,*,#1607,.F.);
#2079=ORIENTED_EDGE('',*,*,#1608,.T.);
#2080=ORIENTED_EDGE('',*,*,#1609,.T.);
#2081=ORIENTED_EDGE('',*,*,#1595,.F.);
#2082=ORIENTED_EDGE('',*,*,#1599,.T.);
#2083=ORIENTED_EDGE('',*,*,#1610,.F.);
#2084=ORIENTED_EDGE('',*,*,#1604,.F.);
#2085=ORIENTED_EDGE('',*,*,#1610,.T.);
#2086=ORIENTED_EDGE('',*,*,#1598,.T.);
#2087=ORIENTED_EDGE('',*,*,#1611,.T.);
#2088=ORIENTED_EDGE('',*,*,#1605,.T.);
#2089=ORIENTED_EDGE('',*,*,#1596,.F.);
#2090=ORIENTED_EDGE('',*,*,#1609,.F.);
#2091=ORIENTED_EDGE('',*,*,#1612,.T.);
#2092=ORIENTED_EDGE('',*,*,#1613,.T.);
#2093=ORIENTED_EDGE('',*,*,#1603,.F.);
#2094=ORIENTED_EDGE('',*,*,#1614,.F.);
#2095=ORIENTED_EDGE('',*,*,#1615,.T.);
#2096=ORIENTED_EDGE('',*,*,#1607,.T.);
#2097=ORIENTED_EDGE('',*,*,#1602,.F.);
#2098=ORIENTED_EDGE('',*,*,#1606,.T.);
#2099=ORIENTED_EDGE('',*,*,#1611,.F.);
#2100=ORIENTED_EDGE('',*,*,#1597,.F.);
#2101=ORIENTED_EDGE('',*,*,#1593,.F.);
#2102=ORIENTED_EDGE('',*,*,#1613,.F.);
#2103=ORIENTED_EDGE('',*,*,#1616,.T.);
#2104=ORIENTED_EDGE('',*,*,#1614,.T.);
#2105=ORIENTED_EDGE('',*,*,#1616,.F.);
#2106=ORIENTED_EDGE('',*,*,#1612,.F.);
#2107=ORIENTED_EDGE('',*,*,#1608,.F.);
#2108=ORIENTED_EDGE('',*,*,#1615,.F.);
#2109=ORIENTED_EDGE('',*,*,#1617,.T.);
#2110=ORIENTED_EDGE('',*,*,#1618,.T.);
#2111=ORIENTED_EDGE('',*,*,#1619,.T.);
#2112=ORIENTED_EDGE('',*,*,#1620,.T.);
#2113=ORIENTED_EDGE('',*,*,#1618,.F.);
#2114=ORIENTED_EDGE('',*,*,#1621,.T.);
#2115=ORIENTED_EDGE('',*,*,#1622,.F.);
#2116=ORIENTED_EDGE('',*,*,#1623,.F.);
#2117=ORIENTED_EDGE('',*,*,#1624,.T.);
#2118=ORIENTED_EDGE('',*,*,#1625,.T.);
#2119=ORIENTED_EDGE('',*,*,#1626,.T.);
#2120=ORIENTED_EDGE('',*,*,#1627,.T.);
#2121=ORIENTED_EDGE('',*,*,#1625,.F.);
#2122=ORIENTED_EDGE('',*,*,#1628,.T.);
#2123=ORIENTED_EDGE('',*,*,#1629,.F.);
#2124=ORIENTED_EDGE('',*,*,#1630,.F.);
#2125=ORIENTED_EDGE('',*,*,#1624,.F.);
#2126=ORIENTED_EDGE('',*,*,#1631,.F.);
#2127=ORIENTED_EDGE('',*,*,#1632,.T.);
#2128=ORIENTED_EDGE('',*,*,#1633,.T.);
#2129=ORIENTED_EDGE('',*,*,#1619,.F.);
#2130=ORIENTED_EDGE('',*,*,#1623,.T.);
#2131=ORIENTED_EDGE('',*,*,#1634,.F.);
#2132=ORIENTED_EDGE('',*,*,#1628,.F.);
#2133=ORIENTED_EDGE('',*,*,#1629,.T.);
#2134=ORIENTED_EDGE('',*,*,#1634,.T.);
#2135=ORIENTED_EDGE('',*,*,#1622,.T.);
#2136=ORIENTED_EDGE('',*,*,#1635,.T.);
#2137=ORIENTED_EDGE('',*,*,#1626,.F.);
#2138=ORIENTED_EDGE('',*,*,#1630,.T.);
#2139=ORIENTED_EDGE('',*,*,#1635,.F.);
#2140=ORIENTED_EDGE('',*,*,#1621,.F.);
#2141=ORIENTED_EDGE('',*,*,#1617,.F.);
#2142=ORIENTED_EDGE('',*,*,#1636,.F.);
#2143=ORIENTED_EDGE('',*,*,#1637,.T.);
#2144=ORIENTED_EDGE('',*,*,#1638,.T.);
#2145=ORIENTED_EDGE('',*,*,#1620,.F.);
#2146=ORIENTED_EDGE('',*,*,#1633,.F.);
#2147=ORIENTED_EDGE('',*,*,#1639,.T.);
#2148=ORIENTED_EDGE('',*,*,#1636,.T.);
#2149=ORIENTED_EDGE('',*,*,#1627,.F.);
#2150=ORIENTED_EDGE('',*,*,#1638,.F.);
#2151=ORIENTED_EDGE('',*,*,#1640,.T.);
#2152=ORIENTED_EDGE('',*,*,#1631,.T.);
#2153=ORIENTED_EDGE('',*,*,#1640,.F.);
#2154=ORIENTED_EDGE('',*,*,#1637,.F.);
#2155=ORIENTED_EDGE('',*,*,#1639,.F.);
#2156=ORIENTED_EDGE('',*,*,#1632,.F.);
#2157=ORIENTED_EDGE('',*,*,#1641,.T.);
#2158=ORIENTED_EDGE('',*,*,#1642,.T.);
#2159=ORIENTED_EDGE('',*,*,#1643,.T.);
#2160=ORIENTED_EDGE('',*,*,#1644,.T.);
#2161=ORIENTED_EDGE('',*,*,#1642,.F.);
#2162=ORIENTED_EDGE('',*,*,#1645,.T.);
#2163=ORIENTED_EDGE('',*,*,#1646,.F.);
#2164=ORIENTED_EDGE('',*,*,#1647,.F.);
#2165=ORIENTED_EDGE('',*,*,#1648,.T.);
#2166=ORIENTED_EDGE('',*,*,#1649,.T.);
#2167=ORIENTED_EDGE('',*,*,#1650,.T.);
#2168=ORIENTED_EDGE('',*,*,#1651,.T.);
#2169=ORIENTED_EDGE('',*,*,#1649,.F.);
#2170=ORIENTED_EDGE('',*,*,#1652,.T.);
#2171=ORIENTED_EDGE('',*,*,#1653,.F.);
#2172=ORIENTED_EDGE('',*,*,#1654,.F.);
#2173=ORIENTED_EDGE('',*,*,#1648,.F.);
#2174=ORIENTED_EDGE('',*,*,#1655,.F.);
#2175=ORIENTED_EDGE('',*,*,#1656,.T.);
#2176=ORIENTED_EDGE('',*,*,#1657,.T.);
#2177=ORIENTED_EDGE('',*,*,#1643,.F.);
#2178=ORIENTED_EDGE('',*,*,#1647,.T.);
#2179=ORIENTED_EDGE('',*,*,#1658,.F.);
#2180=ORIENTED_EDGE('',*,*,#1652,.F.);
#2181=ORIENTED_EDGE('',*,*,#1653,.T.);
#2182=ORIENTED_EDGE('',*,*,#1658,.T.);
#2183=ORIENTED_EDGE('',*,*,#1646,.T.);
#2184=ORIENTED_EDGE('',*,*,#1659,.T.);
#2185=ORIENTED_EDGE('',*,*,#1644,.F.);
#2186=ORIENTED_EDGE('',*,*,#1657,.F.);
#2187=ORIENTED_EDGE('',*,*,#1660,.T.);
#2188=ORIENTED_EDGE('',*,*,#1661,.T.);
#2189=ORIENTED_EDGE('',*,*,#1651,.F.);
#2190=ORIENTED_EDGE('',*,*,#1662,.F.);
#2191=ORIENTED_EDGE('',*,*,#1663,.T.);
#2192=ORIENTED_EDGE('',*,*,#1655,.T.);
#2193=ORIENTED_EDGE('',*,*,#1650,.F.);
#2194=ORIENTED_EDGE('',*,*,#1654,.T.);
#2195=ORIENTED_EDGE('',*,*,#1659,.F.);
#2196=ORIENTED_EDGE('',*,*,#1645,.F.);
#2197=ORIENTED_EDGE('',*,*,#1641,.F.);
#2198=ORIENTED_EDGE('',*,*,#1661,.F.);
#2199=ORIENTED_EDGE('',*,*,#1664,.T.);
#2200=ORIENTED_EDGE('',*,*,#1662,.T.);
#2201=ORIENTED_EDGE('',*,*,#1664,.F.);
#2202=ORIENTED_EDGE('',*,*,#1660,.F.);
#2203=ORIENTED_EDGE('',*,*,#1656,.F.);
#2204=ORIENTED_EDGE('',*,*,#1663,.F.);
#2205=ORIENTED_EDGE('',*,*,#1665,.T.);
#2206=ORIENTED_EDGE('',*,*,#1666,.T.);
#2207=ORIENTED_EDGE('',*,*,#1667,.T.);
#2208=ORIENTED_EDGE('',*,*,#1668,.T.);
#2209=ORIENTED_EDGE('',*,*,#1666,.F.);
#2210=ORIENTED_EDGE('',*,*,#1669,.T.);
#2211=ORIENTED_EDGE('',*,*,#1670,.F.);
#2212=ORIENTED_EDGE('',*,*,#1671,.F.);
#2213=ORIENTED_EDGE('',*,*,#1672,.T.);
#2214=ORIENTED_EDGE('',*,*,#1673,.T.);
#2215=ORIENTED_EDGE('',*,*,#1674,.T.);
#2216=ORIENTED_EDGE('',*,*,#1675,.T.);
#2217=ORIENTED_EDGE('',*,*,#1673,.F.);
#2218=ORIENTED_EDGE('',*,*,#1676,.T.);
#2219=ORIENTED_EDGE('',*,*,#1677,.F.);
#2220=ORIENTED_EDGE('',*,*,#1678,.F.);
#2221=ORIENTED_EDGE('',*,*,#1672,.F.);
#2222=ORIENTED_EDGE('',*,*,#1679,.F.);
#2223=ORIENTED_EDGE('',*,*,#1680,.T.);
#2224=ORIENTED_EDGE('',*,*,#1681,.T.);
#2225=ORIENTED_EDGE('',*,*,#1667,.F.);
#2226=ORIENTED_EDGE('',*,*,#1671,.T.);
#2227=ORIENTED_EDGE('',*,*,#1682,.F.);
#2228=ORIENTED_EDGE('',*,*,#1676,.F.);
#2229=ORIENTED_EDGE('',*,*,#1677,.T.);
#2230=ORIENTED_EDGE('',*,*,#1682,.T.);
#2231=ORIENTED_EDGE('',*,*,#1670,.T.);
#2232=ORIENTED_EDGE('',*,*,#1683,.T.);
#2233=ORIENTED_EDGE('',*,*,#1668,.F.);
#2234=ORIENTED_EDGE('',*,*,#1681,.F.);
#2235=ORIENTED_EDGE('',*,*,#1684,.T.);
#2236=ORIENTED_EDGE('',*,*,#1685,.T.);
#2237=ORIENTED_EDGE('',*,*,#1675,.F.);
#2238=ORIENTED_EDGE('',*,*,#1686,.F.);
#2239=ORIENTED_EDGE('',*,*,#1687,.T.);
#2240=ORIENTED_EDGE('',*,*,#1679,.T.);
#2241=ORIENTED_EDGE('',*,*,#1674,.F.);
#2242=ORIENTED_EDGE('',*,*,#1678,.T.);
#2243=ORIENTED_EDGE('',*,*,#1683,.F.);
#2244=ORIENTED_EDGE('',*,*,#1669,.F.);
#2245=ORIENTED_EDGE('',*,*,#1665,.F.);
#2246=ORIENTED_EDGE('',*,*,#1685,.F.);
#2247=ORIENTED_EDGE('',*,*,#1688,.T.);
#2248=ORIENTED_EDGE('',*,*,#1686,.T.);
#2249=ORIENTED_EDGE('',*,*,#1688,.F.);
#2250=ORIENTED_EDGE('',*,*,#1684,.F.);
#2251=ORIENTED_EDGE('',*,*,#1680,.F.);
#2252=ORIENTED_EDGE('',*,*,#1687,.F.);
#2253=ORIENTED_EDGE('',*,*,#1689,.T.);
#2254=ORIENTED_EDGE('',*,*,#1690,.T.);
#2255=ORIENTED_EDGE('',*,*,#1691,.T.);
#2256=ORIENTED_EDGE('',*,*,#1692,.T.);
#2257=ORIENTED_EDGE('',*,*,#1690,.F.);
#2258=ORIENTED_EDGE('',*,*,#1693,.T.);
#2259=ORIENTED_EDGE('',*,*,#1694,.F.);
#2260=ORIENTED_EDGE('',*,*,#1695,.F.);
#2261=ORIENTED_EDGE('',*,*,#1696,.T.);
#2262=ORIENTED_EDGE('',*,*,#1697,.T.);
#2263=ORIENTED_EDGE('',*,*,#1698,.T.);
#2264=ORIENTED_EDGE('',*,*,#1699,.T.);
#2265=ORIENTED_EDGE('',*,*,#1697,.F.);
#2266=ORIENTED_EDGE('',*,*,#1700,.T.);
#2267=ORIENTED_EDGE('',*,*,#1701,.F.);
#2268=ORIENTED_EDGE('',*,*,#1702,.F.);
#2269=ORIENTED_EDGE('',*,*,#1696,.F.);
#2270=ORIENTED_EDGE('',*,*,#1703,.F.);
#2271=ORIENTED_EDGE('',*,*,#1704,.T.);
#2272=ORIENTED_EDGE('',*,*,#1705,.T.);
#2273=ORIENTED_EDGE('',*,*,#1691,.F.);
#2274=ORIENTED_EDGE('',*,*,#1695,.T.);
#2275=ORIENTED_EDGE('',*,*,#1706,.F.);
#2276=ORIENTED_EDGE('',*,*,#1700,.F.);
#2277=ORIENTED_EDGE('',*,*,#1701,.T.);
#2278=ORIENTED_EDGE('',*,*,#1706,.T.);
#2279=ORIENTED_EDGE('',*,*,#1694,.T.);
#2280=ORIENTED_EDGE('',*,*,#1707,.T.);
#2281=ORIENTED_EDGE('',*,*,#1692,.F.);
#2282=ORIENTED_EDGE('',*,*,#1705,.F.);
#2283=ORIENTED_EDGE('',*,*,#1708,.T.);
#2284=ORIENTED_EDGE('',*,*,#1709,.T.);
#2285=ORIENTED_EDGE('',*,*,#1699,.F.);
#2286=ORIENTED_EDGE('',*,*,#1710,.F.);
#2287=ORIENTED_EDGE('',*,*,#1711,.T.);
#2288=ORIENTED_EDGE('',*,*,#1703,.T.);
#2289=ORIENTED_EDGE('',*,*,#1698,.F.);
#2290=ORIENTED_EDGE('',*,*,#1702,.T.);
#2291=ORIENTED_EDGE('',*,*,#1707,.F.);
#2292=ORIENTED_EDGE('',*,*,#1693,.F.);
#2293=ORIENTED_EDGE('',*,*,#1689,.F.);
#2294=ORIENTED_EDGE('',*,*,#1709,.F.);
#2295=ORIENTED_EDGE('',*,*,#1712,.T.);
#2296=ORIENTED_EDGE('',*,*,#1710,.T.);
#2297=ORIENTED_EDGE('',*,*,#1712,.F.);
#2298=ORIENTED_EDGE('',*,*,#1708,.F.);
#2299=ORIENTED_EDGE('',*,*,#1704,.F.);
#2300=ORIENTED_EDGE('',*,*,#1711,.F.);
#2301=ORIENTED_EDGE('',*,*,#1713,.T.);
#2302=ORIENTED_EDGE('',*,*,#1714,.T.);
#2303=ORIENTED_EDGE('',*,*,#1715,.T.);
#2304=ORIENTED_EDGE('',*,*,#1716,.T.);
#2305=ORIENTED_EDGE('',*,*,#1714,.F.);
#2306=ORIENTED_EDGE('',*,*,#1717,.T.);
#2307=ORIENTED_EDGE('',*,*,#1718,.F.);
#2308=ORIENTED_EDGE('',*,*,#1719,.F.);
#2309=ORIENTED_EDGE('',*,*,#1720,.T.);
#2310=ORIENTED_EDGE('',*,*,#1721,.T.);
#2311=ORIENTED_EDGE('',*,*,#1722,.T.);
#2312=ORIENTED_EDGE('',*,*,#1723,.T.);
#2313=ORIENTED_EDGE('',*,*,#1721,.F.);
#2314=ORIENTED_EDGE('',*,*,#1724,.T.);
#2315=ORIENTED_EDGE('',*,*,#1725,.F.);
#2316=ORIENTED_EDGE('',*,*,#1726,.F.);
#2317=ORIENTED_EDGE('',*,*,#1720,.F.);
#2318=ORIENTED_EDGE('',*,*,#1727,.F.);
#2319=ORIENTED_EDGE('',*,*,#1728,.T.);
#2320=ORIENTED_EDGE('',*,*,#1729,.T.);
#2321=ORIENTED_EDGE('',*,*,#1715,.F.);
#2322=ORIENTED_EDGE('',*,*,#1719,.T.);
#2323=ORIENTED_EDGE('',*,*,#1730,.F.);
#2324=ORIENTED_EDGE('',*,*,#1724,.F.);
#2325=ORIENTED_EDGE('',*,*,#1718,.T.);
#2326=ORIENTED_EDGE('',*,*,#1731,.T.);
#2327=ORIENTED_EDGE('',*,*,#1725,.T.);
#2328=ORIENTED_EDGE('',*,*,#1730,.T.);
#2329=ORIENTED_EDGE('',*,*,#1716,.F.);
#2330=ORIENTED_EDGE('',*,*,#1729,.F.);
#2331=ORIENTED_EDGE('',*,*,#1732,.T.);
#2332=ORIENTED_EDGE('',*,*,#1733,.T.);
#2333=ORIENTED_EDGE('',*,*,#1723,.F.);
#2334=ORIENTED_EDGE('',*,*,#1734,.F.);
#2335=ORIENTED_EDGE('',*,*,#1735,.T.);
#2336=ORIENTED_EDGE('',*,*,#1727,.T.);
#2337=ORIENTED_EDGE('',*,*,#1722,.F.);
#2338=ORIENTED_EDGE('',*,*,#1726,.T.);
#2339=ORIENTED_EDGE('',*,*,#1731,.F.);
#2340=ORIENTED_EDGE('',*,*,#1717,.F.);
#2341=ORIENTED_EDGE('',*,*,#1713,.F.);
#2342=ORIENTED_EDGE('',*,*,#1733,.F.);
#2343=ORIENTED_EDGE('',*,*,#1736,.T.);
#2344=ORIENTED_EDGE('',*,*,#1734,.T.);
#2345=ORIENTED_EDGE('',*,*,#1736,.F.);
#2346=ORIENTED_EDGE('',*,*,#1732,.F.);
#2347=ORIENTED_EDGE('',*,*,#1728,.F.);
#2348=ORIENTED_EDGE('',*,*,#1735,.F.);
#2349=ORIENTED_EDGE('',*,*,#1737,.F.);
#2350=ORIENTED_EDGE('',*,*,#1738,.F.);
#2351=ORIENTED_EDGE('',*,*,#1739,.F.);
#2352=ORIENTED_EDGE('',*,*,#1740,.F.);
#2353=ORIENTED_EDGE('',*,*,#1740,.T.);
#2354=ORIENTED_EDGE('',*,*,#1741,.T.);
#2355=ORIENTED_EDGE('',*,*,#1742,.T.);
#2356=ORIENTED_EDGE('',*,*,#1743,.F.);
#2357=ORIENTED_EDGE('',*,*,#1744,.F.);
#2358=ORIENTED_EDGE('',*,*,#1745,.F.);
#2359=ORIENTED_EDGE('',*,*,#1746,.F.);
#2360=ORIENTED_EDGE('',*,*,#1747,.F.);
#2361=ORIENTED_EDGE('',*,*,#1747,.T.);
#2362=ORIENTED_EDGE('',*,*,#1748,.T.);
#2363=ORIENTED_EDGE('',*,*,#1749,.T.);
#2364=ORIENTED_EDGE('',*,*,#1750,.F.);
#2365=ORIENTED_EDGE('',*,*,#1744,.T.);
#2366=ORIENTED_EDGE('',*,*,#1750,.T.);
#2367=ORIENTED_EDGE('',*,*,#1751,.T.);
#2368=ORIENTED_EDGE('',*,*,#1741,.F.);
#2369=ORIENTED_EDGE('',*,*,#1739,.T.);
#2370=ORIENTED_EDGE('',*,*,#1752,.F.);
#2371=ORIENTED_EDGE('',*,*,#1753,.F.);
#2372=ORIENTED_EDGE('',*,*,#1754,.T.);
#2373=ORIENTED_EDGE('',*,*,#1751,.F.);
#2374=ORIENTED_EDGE('',*,*,#1749,.F.);
#2375=ORIENTED_EDGE('',*,*,#1755,.F.);
#2376=ORIENTED_EDGE('',*,*,#1742,.F.);
#2377=ORIENTED_EDGE('',*,*,#1738,.T.);
#2378=ORIENTED_EDGE('',*,*,#1756,.F.);
#2379=ORIENTED_EDGE('',*,*,#1757,.F.);
#2380=ORIENTED_EDGE('',*,*,#1752,.T.);
#2381=ORIENTED_EDGE('',*,*,#1745,.T.);
#2382=ORIENTED_EDGE('',*,*,#1754,.F.);
#2383=ORIENTED_EDGE('',*,*,#1758,.F.);
#2384=ORIENTED_EDGE('',*,*,#1759,.T.);
#2385=ORIENTED_EDGE('',*,*,#1746,.T.);
#2386=ORIENTED_EDGE('',*,*,#1759,.F.);
#2387=ORIENTED_EDGE('',*,*,#1760,.F.);
#2388=ORIENTED_EDGE('',*,*,#1756,.T.);
#2389=ORIENTED_EDGE('',*,*,#1737,.T.);
#2390=ORIENTED_EDGE('',*,*,#1743,.T.);
#2391=ORIENTED_EDGE('',*,*,#1755,.T.);
#2392=ORIENTED_EDGE('',*,*,#1748,.F.);
#2393=ORIENTED_EDGE('',*,*,#1760,.T.);
#2394=ORIENTED_EDGE('',*,*,#1758,.T.);
#2395=ORIENTED_EDGE('',*,*,#1753,.T.);
#2396=ORIENTED_EDGE('',*,*,#1757,.T.);
#2397=ORIENTED_EDGE('',*,*,#1761,.F.);
#2398=ORIENTED_EDGE('',*,*,#1762,.F.);
#2399=ORIENTED_EDGE('',*,*,#1763,.F.);
#2400=ORIENTED_EDGE('',*,*,#1764,.F.);
#2401=ORIENTED_EDGE('',*,*,#1764,.T.);
#2402=ORIENTED_EDGE('',*,*,#1765,.T.);
#2403=ORIENTED_EDGE('',*,*,#1766,.T.);
#2404=ORIENTED_EDGE('',*,*,#1767,.F.);
#2405=ORIENTED_EDGE('',*,*,#1768,.F.);
#2406=ORIENTED_EDGE('',*,*,#1769,.F.);
#2407=ORIENTED_EDGE('',*,*,#1770,.F.);
#2408=ORIENTED_EDGE('',*,*,#1771,.F.);
#2409=ORIENTED_EDGE('',*,*,#1771,.T.);
#2410=ORIENTED_EDGE('',*,*,#1772,.T.);
#2411=ORIENTED_EDGE('',*,*,#1773,.T.);
#2412=ORIENTED_EDGE('',*,*,#1774,.F.);
#2413=ORIENTED_EDGE('',*,*,#1768,.T.);
#2414=ORIENTED_EDGE('',*,*,#1774,.T.);
#2415=ORIENTED_EDGE('',*,*,#1775,.T.);
#2416=ORIENTED_EDGE('',*,*,#1765,.F.);
#2417=ORIENTED_EDGE('',*,*,#1763,.T.);
#2418=ORIENTED_EDGE('',*,*,#1776,.F.);
#2419=ORIENTED_EDGE('',*,*,#1777,.F.);
#2420=ORIENTED_EDGE('',*,*,#1778,.T.);
#2421=ORIENTED_EDGE('',*,*,#1775,.F.);
#2422=ORIENTED_EDGE('',*,*,#1773,.F.);
#2423=ORIENTED_EDGE('',*,*,#1779,.F.);
#2424=ORIENTED_EDGE('',*,*,#1766,.F.);
#2425=ORIENTED_EDGE('',*,*,#1762,.T.);
#2426=ORIENTED_EDGE('',*,*,#1780,.F.);
#2427=ORIENTED_EDGE('',*,*,#1781,.F.);
#2428=ORIENTED_EDGE('',*,*,#1776,.T.);
#2429=ORIENTED_EDGE('',*,*,#1769,.T.);
#2430=ORIENTED_EDGE('',*,*,#1778,.F.);
#2431=ORIENTED_EDGE('',*,*,#1782,.F.);
#2432=ORIENTED_EDGE('',*,*,#1783,.T.);
#2433=ORIENTED_EDGE('',*,*,#1770,.T.);
#2434=ORIENTED_EDGE('',*,*,#1783,.F.);
#2435=ORIENTED_EDGE('',*,*,#1784,.F.);
#2436=ORIENTED_EDGE('',*,*,#1780,.T.);
#2437=ORIENTED_EDGE('',*,*,#1761,.T.);
#2438=ORIENTED_EDGE('',*,*,#1767,.T.);
#2439=ORIENTED_EDGE('',*,*,#1779,.T.);
#2440=ORIENTED_EDGE('',*,*,#1772,.F.);
#2441=ORIENTED_EDGE('',*,*,#1784,.T.);
#2442=ORIENTED_EDGE('',*,*,#1782,.T.);
#2443=ORIENTED_EDGE('',*,*,#1777,.T.);
#2444=ORIENTED_EDGE('',*,*,#1781,.T.);
#2445=ORIENTED_EDGE('',*,*,#1785,.F.);
#2446=ORIENTED_EDGE('',*,*,#1786,.F.);
#2447=ORIENTED_EDGE('',*,*,#1787,.F.);
#2448=ORIENTED_EDGE('',*,*,#1788,.F.);
#2449=ORIENTED_EDGE('',*,*,#1788,.T.);
#2450=ORIENTED_EDGE('',*,*,#1789,.T.);
#2451=ORIENTED_EDGE('',*,*,#1790,.T.);
#2452=ORIENTED_EDGE('',*,*,#1791,.F.);
#2453=ORIENTED_EDGE('',*,*,#1792,.F.);
#2454=ORIENTED_EDGE('',*,*,#1793,.F.);
#2455=ORIENTED_EDGE('',*,*,#1794,.F.);
#2456=ORIENTED_EDGE('',*,*,#1795,.F.);
#2457=ORIENTED_EDGE('',*,*,#1795,.T.);
#2458=ORIENTED_EDGE('',*,*,#1796,.T.);
#2459=ORIENTED_EDGE('',*,*,#1797,.T.);
#2460=ORIENTED_EDGE('',*,*,#1798,.F.);
#2461=ORIENTED_EDGE('',*,*,#1792,.T.);
#2462=ORIENTED_EDGE('',*,*,#1798,.T.);
#2463=ORIENTED_EDGE('',*,*,#1799,.T.);
#2464=ORIENTED_EDGE('',*,*,#1789,.F.);
#2465=ORIENTED_EDGE('',*,*,#1787,.T.);
#2466=ORIENTED_EDGE('',*,*,#1800,.F.);
#2467=ORIENTED_EDGE('',*,*,#1801,.F.);
#2468=ORIENTED_EDGE('',*,*,#1802,.T.);
#2469=ORIENTED_EDGE('',*,*,#1799,.F.);
#2470=ORIENTED_EDGE('',*,*,#1797,.F.);
#2471=ORIENTED_EDGE('',*,*,#1803,.F.);
#2472=ORIENTED_EDGE('',*,*,#1790,.F.);
#2473=ORIENTED_EDGE('',*,*,#1786,.T.);
#2474=ORIENTED_EDGE('',*,*,#1804,.F.);
#2475=ORIENTED_EDGE('',*,*,#1805,.F.);
#2476=ORIENTED_EDGE('',*,*,#1800,.T.);
#2477=ORIENTED_EDGE('',*,*,#1793,.T.);
#2478=ORIENTED_EDGE('',*,*,#1802,.F.);
#2479=ORIENTED_EDGE('',*,*,#1806,.F.);
#2480=ORIENTED_EDGE('',*,*,#1807,.T.);
#2481=ORIENTED_EDGE('',*,*,#1794,.T.);
#2482=ORIENTED_EDGE('',*,*,#1807,.F.);
#2483=ORIENTED_EDGE('',*,*,#1808,.F.);
#2484=ORIENTED_EDGE('',*,*,#1804,.T.);
#2485=ORIENTED_EDGE('',*,*,#1785,.T.);
#2486=ORIENTED_EDGE('',*,*,#1791,.T.);
#2487=ORIENTED_EDGE('',*,*,#1803,.T.);
#2488=ORIENTED_EDGE('',*,*,#1796,.F.);
#2489=ORIENTED_EDGE('',*,*,#1808,.T.);
#2490=ORIENTED_EDGE('',*,*,#1806,.T.);
#2491=ORIENTED_EDGE('',*,*,#1801,.T.);
#2492=ORIENTED_EDGE('',*,*,#1805,.T.);
#2493=ORIENTED_EDGE('',*,*,#1809,.F.);
#2494=ORIENTED_EDGE('',*,*,#1810,.F.);
#2495=ORIENTED_EDGE('',*,*,#1811,.F.);
#2496=ORIENTED_EDGE('',*,*,#1812,.F.);
#2497=ORIENTED_EDGE('',*,*,#1812,.T.);
#2498=ORIENTED_EDGE('',*,*,#1813,.T.);
#2499=ORIENTED_EDGE('',*,*,#1814,.T.);
#2500=ORIENTED_EDGE('',*,*,#1815,.F.);
#2501=ORIENTED_EDGE('',*,*,#1816,.F.);
#2502=ORIENTED_EDGE('',*,*,#1817,.F.);
#2503=ORIENTED_EDGE('',*,*,#1818,.F.);
#2504=ORIENTED_EDGE('',*,*,#1819,.F.);
#2505=ORIENTED_EDGE('',*,*,#1819,.T.);
#2506=ORIENTED_EDGE('',*,*,#1820,.T.);
#2507=ORIENTED_EDGE('',*,*,#1821,.T.);
#2508=ORIENTED_EDGE('',*,*,#1822,.F.);
#2509=ORIENTED_EDGE('',*,*,#1816,.T.);
#2510=ORIENTED_EDGE('',*,*,#1822,.T.);
#2511=ORIENTED_EDGE('',*,*,#1823,.T.);
#2512=ORIENTED_EDGE('',*,*,#1813,.F.);
#2513=ORIENTED_EDGE('',*,*,#1811,.T.);
#2514=ORIENTED_EDGE('',*,*,#1824,.F.);
#2515=ORIENTED_EDGE('',*,*,#1825,.F.);
#2516=ORIENTED_EDGE('',*,*,#1826,.T.);
#2517=ORIENTED_EDGE('',*,*,#1821,.F.);
#2518=ORIENTED_EDGE('',*,*,#1827,.F.);
#2519=ORIENTED_EDGE('',*,*,#1814,.F.);
#2520=ORIENTED_EDGE('',*,*,#1823,.F.);
#2521=ORIENTED_EDGE('',*,*,#1818,.T.);
#2522=ORIENTED_EDGE('',*,*,#1828,.F.);
#2523=ORIENTED_EDGE('',*,*,#1829,.F.);
#2524=ORIENTED_EDGE('',*,*,#1830,.T.);
#2525=ORIENTED_EDGE('',*,*,#1809,.T.);
#2526=ORIENTED_EDGE('',*,*,#1815,.T.);
#2527=ORIENTED_EDGE('',*,*,#1827,.T.);
#2528=ORIENTED_EDGE('',*,*,#1820,.F.);
#2529=ORIENTED_EDGE('',*,*,#1810,.T.);
#2530=ORIENTED_EDGE('',*,*,#1830,.F.);
#2531=ORIENTED_EDGE('',*,*,#1831,.F.);
#2532=ORIENTED_EDGE('',*,*,#1824,.T.);
#2533=ORIENTED_EDGE('',*,*,#1817,.T.);
#2534=ORIENTED_EDGE('',*,*,#1826,.F.);
#2535=ORIENTED_EDGE('',*,*,#1832,.F.);
#2536=ORIENTED_EDGE('',*,*,#1828,.T.);
#2537=ORIENTED_EDGE('',*,*,#1832,.T.);
#2538=ORIENTED_EDGE('',*,*,#1825,.T.);
#2539=ORIENTED_EDGE('',*,*,#1831,.T.);
#2540=ORIENTED_EDGE('',*,*,#1829,.T.);
#2541=ORIENTED_EDGE('',*,*,#1833,.F.);
#2542=ORIENTED_EDGE('',*,*,#1834,.F.);
#2543=ORIENTED_EDGE('',*,*,#1835,.F.);
#2544=ORIENTED_EDGE('',*,*,#1836,.F.);
#2545=ORIENTED_EDGE('',*,*,#1836,.T.);
#2546=ORIENTED_EDGE('',*,*,#1837,.T.);
#2547=ORIENTED_EDGE('',*,*,#1838,.T.);
#2548=ORIENTED_EDGE('',*,*,#1839,.F.);
#2549=ORIENTED_EDGE('',*,*,#1840,.F.);
#2550=ORIENTED_EDGE('',*,*,#1841,.F.);
#2551=ORIENTED_EDGE('',*,*,#1842,.F.);
#2552=ORIENTED_EDGE('',*,*,#1843,.F.);
#2553=ORIENTED_EDGE('',*,*,#1843,.T.);
#2554=ORIENTED_EDGE('',*,*,#1844,.T.);
#2555=ORIENTED_EDGE('',*,*,#1845,.T.);
#2556=ORIENTED_EDGE('',*,*,#1846,.F.);
#2557=ORIENTED_EDGE('',*,*,#1840,.T.);
#2558=ORIENTED_EDGE('',*,*,#1846,.T.);
#2559=ORIENTED_EDGE('',*,*,#1847,.T.);
#2560=ORIENTED_EDGE('',*,*,#1837,.F.);
#2561=ORIENTED_EDGE('',*,*,#1835,.T.);
#2562=ORIENTED_EDGE('',*,*,#1848,.F.);
#2563=ORIENTED_EDGE('',*,*,#1849,.F.);
#2564=ORIENTED_EDGE('',*,*,#1850,.T.);
#2565=ORIENTED_EDGE('',*,*,#1845,.F.);
#2566=ORIENTED_EDGE('',*,*,#1851,.F.);
#2567=ORIENTED_EDGE('',*,*,#1838,.F.);
#2568=ORIENTED_EDGE('',*,*,#1847,.F.);
#2569=ORIENTED_EDGE('',*,*,#1834,.T.);
#2570=ORIENTED_EDGE('',*,*,#1852,.F.);
#2571=ORIENTED_EDGE('',*,*,#1853,.F.);
#2572=ORIENTED_EDGE('',*,*,#1848,.T.);
#2573=ORIENTED_EDGE('',*,*,#1841,.T.);
#2574=ORIENTED_EDGE('',*,*,#1850,.F.);
#2575=ORIENTED_EDGE('',*,*,#1854,.F.);
#2576=ORIENTED_EDGE('',*,*,#1855,.T.);
#2577=ORIENTED_EDGE('',*,*,#1842,.T.);
#2578=ORIENTED_EDGE('',*,*,#1855,.F.);
#2579=ORIENTED_EDGE('',*,*,#1856,.F.);
#2580=ORIENTED_EDGE('',*,*,#1852,.T.);
#2581=ORIENTED_EDGE('',*,*,#1833,.T.);
#2582=ORIENTED_EDGE('',*,*,#1839,.T.);
#2583=ORIENTED_EDGE('',*,*,#1851,.T.);
#2584=ORIENTED_EDGE('',*,*,#1844,.F.);
#2585=ORIENTED_EDGE('',*,*,#1856,.T.);
#2586=ORIENTED_EDGE('',*,*,#1854,.T.);
#2587=ORIENTED_EDGE('',*,*,#1849,.T.);
#2588=ORIENTED_EDGE('',*,*,#1853,.T.);
#2589=ORIENTED_EDGE('',*,*,#1857,.F.);
#2590=ORIENTED_EDGE('',*,*,#1858,.F.);
#2591=ORIENTED_EDGE('',*,*,#1859,.F.);
#2592=ORIENTED_EDGE('',*,*,#1860,.F.);
#2593=ORIENTED_EDGE('',*,*,#1860,.T.);
#2594=ORIENTED_EDGE('',*,*,#1861,.T.);
#2595=ORIENTED_EDGE('',*,*,#1862,.T.);
#2596=ORIENTED_EDGE('',*,*,#1863,.F.);
#2597=ORIENTED_EDGE('',*,*,#1864,.F.);
#2598=ORIENTED_EDGE('',*,*,#1865,.F.);
#2599=ORIENTED_EDGE('',*,*,#1866,.F.);
#2600=ORIENTED_EDGE('',*,*,#1867,.F.);
#2601=ORIENTED_EDGE('',*,*,#1867,.T.);
#2602=ORIENTED_EDGE('',*,*,#1868,.T.);
#2603=ORIENTED_EDGE('',*,*,#1869,.T.);
#2604=ORIENTED_EDGE('',*,*,#1870,.F.);
#2605=ORIENTED_EDGE('',*,*,#1864,.T.);
#2606=ORIENTED_EDGE('',*,*,#1870,.T.);
#2607=ORIENTED_EDGE('',*,*,#1871,.T.);
#2608=ORIENTED_EDGE('',*,*,#1861,.F.);
#2609=ORIENTED_EDGE('',*,*,#1859,.T.);
#2610=ORIENTED_EDGE('',*,*,#1872,.F.);
#2611=ORIENTED_EDGE('',*,*,#1873,.F.);
#2612=ORIENTED_EDGE('',*,*,#1874,.T.);
#2613=ORIENTED_EDGE('',*,*,#1869,.F.);
#2614=ORIENTED_EDGE('',*,*,#1875,.F.);
#2615=ORIENTED_EDGE('',*,*,#1862,.F.);
#2616=ORIENTED_EDGE('',*,*,#1871,.F.);
#2617=ORIENTED_EDGE('',*,*,#1858,.T.);
#2618=ORIENTED_EDGE('',*,*,#1876,.F.);
#2619=ORIENTED_EDGE('',*,*,#1877,.F.);
#2620=ORIENTED_EDGE('',*,*,#1872,.T.);
#2621=ORIENTED_EDGE('',*,*,#1865,.T.);
#2622=ORIENTED_EDGE('',*,*,#1874,.F.);
#2623=ORIENTED_EDGE('',*,*,#1878,.F.);
#2624=ORIENTED_EDGE('',*,*,#1879,.T.);
#2625=ORIENTED_EDGE('',*,*,#1866,.T.);
#2626=ORIENTED_EDGE('',*,*,#1879,.F.);
#2627=ORIENTED_EDGE('',*,*,#1880,.F.);
#2628=ORIENTED_EDGE('',*,*,#1876,.T.);
#2629=ORIENTED_EDGE('',*,*,#1857,.T.);
#2630=ORIENTED_EDGE('',*,*,#1863,.T.);
#2631=ORIENTED_EDGE('',*,*,#1875,.T.);
#2632=ORIENTED_EDGE('',*,*,#1868,.F.);
#2633=ORIENTED_EDGE('',*,*,#1880,.T.);
#2634=ORIENTED_EDGE('',*,*,#1878,.T.);
#2635=ORIENTED_EDGE('',*,*,#1873,.T.);
#2636=ORIENTED_EDGE('',*,*,#1877,.T.);
#2637=ORIENTED_EDGE('',*,*,#1881,.F.);
#2638=ORIENTED_EDGE('',*,*,#1882,.F.);
#2639=ORIENTED_EDGE('',*,*,#1883,.F.);
#2640=ORIENTED_EDGE('',*,*,#1884,.F.);
#2641=ORIENTED_EDGE('',*,*,#1884,.T.);
#2642=ORIENTED_EDGE('',*,*,#1885,.T.);
#2643=ORIENTED_EDGE('',*,*,#1886,.T.);
#2644=ORIENTED_EDGE('',*,*,#1887,.F.);
#2645=ORIENTED_EDGE('',*,*,#1888,.F.);
#2646=ORIENTED_EDGE('',*,*,#1889,.F.);
#2647=ORIENTED_EDGE('',*,*,#1890,.F.);
#2648=ORIENTED_EDGE('',*,*,#1891,.F.);
#2649=ORIENTED_EDGE('',*,*,#1891,.T.);
#2650=ORIENTED_EDGE('',*,*,#1892,.T.);
#2651=ORIENTED_EDGE('',*,*,#1893,.T.);
#2652=ORIENTED_EDGE('',*,*,#1894,.F.);
#2653=ORIENTED_EDGE('',*,*,#1888,.T.);
#2654=ORIENTED_EDGE('',*,*,#1894,.T.);
#2655=ORIENTED_EDGE('',*,*,#1895,.T.);
#2656=ORIENTED_EDGE('',*,*,#1885,.F.);
#2657=ORIENTED_EDGE('',*,*,#1883,.T.);
#2658=ORIENTED_EDGE('',*,*,#1896,.F.);
#2659=ORIENTED_EDGE('',*,*,#1897,.F.);
#2660=ORIENTED_EDGE('',*,*,#1898,.T.);
#2661=ORIENTED_EDGE('',*,*,#1893,.F.);
#2662=ORIENTED_EDGE('',*,*,#1899,.F.);
#2663=ORIENTED_EDGE('',*,*,#1886,.F.);
#2664=ORIENTED_EDGE('',*,*,#1895,.F.);
#2665=ORIENTED_EDGE('',*,*,#1882,.T.);
#2666=ORIENTED_EDGE('',*,*,#1900,.F.);
#2667=ORIENTED_EDGE('',*,*,#1901,.F.);
#2668=ORIENTED_EDGE('',*,*,#1896,.T.);
#2669=ORIENTED_EDGE('',*,*,#1889,.T.);
#2670=ORIENTED_EDGE('',*,*,#1898,.F.);
#2671=ORIENTED_EDGE('',*,*,#1902,.F.);
#2672=ORIENTED_EDGE('',*,*,#1903,.T.);
#2673=ORIENTED_EDGE('',*,*,#1890,.T.);
#2674=ORIENTED_EDGE('',*,*,#1903,.F.);
#2675=ORIENTED_EDGE('',*,*,#1904,.F.);
#2676=ORIENTED_EDGE('',*,*,#1900,.T.);
#2677=ORIENTED_EDGE('',*,*,#1881,.T.);
#2678=ORIENTED_EDGE('',*,*,#1887,.T.);
#2679=ORIENTED_EDGE('',*,*,#1899,.T.);
#2680=ORIENTED_EDGE('',*,*,#1892,.F.);
#2681=ORIENTED_EDGE('',*,*,#1904,.T.);
#2682=ORIENTED_EDGE('',*,*,#1902,.T.);
#2683=ORIENTED_EDGE('',*,*,#1897,.T.);
#2684=ORIENTED_EDGE('',*,*,#1901,.T.);
#2685=ORIENTED_EDGE('',*,*,#1905,.F.);
#2686=ORIENTED_EDGE('',*,*,#1906,.F.);
#2687=ORIENTED_EDGE('',*,*,#1907,.F.);
#2688=ORIENTED_EDGE('',*,*,#1908,.F.);
#2689=ORIENTED_EDGE('',*,*,#1908,.T.);
#2690=ORIENTED_EDGE('',*,*,#1909,.T.);
#2691=ORIENTED_EDGE('',*,*,#1910,.T.);
#2692=ORIENTED_EDGE('',*,*,#1911,.F.);
#2693=ORIENTED_EDGE('',*,*,#1912,.F.);
#2694=ORIENTED_EDGE('',*,*,#1913,.F.);
#2695=ORIENTED_EDGE('',*,*,#1914,.F.);
#2696=ORIENTED_EDGE('',*,*,#1915,.F.);
#2697=ORIENTED_EDGE('',*,*,#1915,.T.);
#2698=ORIENTED_EDGE('',*,*,#1916,.T.);
#2699=ORIENTED_EDGE('',*,*,#1917,.T.);
#2700=ORIENTED_EDGE('',*,*,#1918,.F.);
#2701=ORIENTED_EDGE('',*,*,#1912,.T.);
#2702=ORIENTED_EDGE('',*,*,#1918,.T.);
#2703=ORIENTED_EDGE('',*,*,#1919,.T.);
#2704=ORIENTED_EDGE('',*,*,#1909,.F.);
#2705=ORIENTED_EDGE('',*,*,#1907,.T.);
#2706=ORIENTED_EDGE('',*,*,#1920,.F.);
#2707=ORIENTED_EDGE('',*,*,#1921,.F.);
#2708=ORIENTED_EDGE('',*,*,#1922,.T.);
#2709=ORIENTED_EDGE('',*,*,#1910,.F.);
#2710=ORIENTED_EDGE('',*,*,#1919,.F.);
#2711=ORIENTED_EDGE('',*,*,#1917,.F.);
#2712=ORIENTED_EDGE('',*,*,#1923,.F.);
#2713=ORIENTED_EDGE('',*,*,#1906,.T.);
#2714=ORIENTED_EDGE('',*,*,#1924,.F.);
#2715=ORIENTED_EDGE('',*,*,#1925,.F.);
#2716=ORIENTED_EDGE('',*,*,#1920,.T.);
#2717=ORIENTED_EDGE('',*,*,#1913,.T.);
#2718=ORIENTED_EDGE('',*,*,#1922,.F.);
#2719=ORIENTED_EDGE('',*,*,#1926,.F.);
#2720=ORIENTED_EDGE('',*,*,#1927,.T.);
#2721=ORIENTED_EDGE('',*,*,#1914,.T.);
#2722=ORIENTED_EDGE('',*,*,#1927,.F.);
#2723=ORIENTED_EDGE('',*,*,#1928,.F.);
#2724=ORIENTED_EDGE('',*,*,#1924,.T.);
#2725=ORIENTED_EDGE('',*,*,#1905,.T.);
#2726=ORIENTED_EDGE('',*,*,#1911,.T.);
#2727=ORIENTED_EDGE('',*,*,#1923,.T.);
#2728=ORIENTED_EDGE('',*,*,#1916,.F.);
#2729=ORIENTED_EDGE('',*,*,#1928,.T.);
#2730=ORIENTED_EDGE('',*,*,#1926,.T.);
#2731=ORIENTED_EDGE('',*,*,#1921,.T.);
#2732=ORIENTED_EDGE('',*,*,#1925,.T.);
#2733=CYLINDRICAL_SURFACE('',#2973,0.995019226904542);
#2734=CYLINDRICAL_SURFACE('',#2983,0.1);
#2735=CYLINDRICAL_SURFACE('',#2987,0.1);
#2736=CYLINDRICAL_SURFACE('',#2997,0.1);
#2737=CYLINDRICAL_SURFACE('',#3001,0.1);
#2738=CYLINDRICAL_SURFACE('',#3011,0.1);
#2739=CYLINDRICAL_SURFACE('',#3015,0.1);
#2740=CYLINDRICAL_SURFACE('',#3025,0.1);
#2741=CYLINDRICAL_SURFACE('',#3029,0.1);
#2742=CYLINDRICAL_SURFACE('',#3039,0.1);
#2743=CYLINDRICAL_SURFACE('',#3043,0.1);
#2744=CYLINDRICAL_SURFACE('',#3053,0.1);
#2745=CYLINDRICAL_SURFACE('',#3057,0.1);
#2746=CYLINDRICAL_SURFACE('',#3067,0.1);
#2747=CYLINDRICAL_SURFACE('',#3071,0.1);
#2748=CYLINDRICAL_SURFACE('',#3081,0.1);
#2749=CYLINDRICAL_SURFACE('',#3085,0.1);
#2750=CYLINDRICAL_SURFACE('',#3095,0.1);
#2751=CYLINDRICAL_SURFACE('',#3099,0.1);
#2752=CYLINDRICAL_SURFACE('',#3109,0.1);
#2753=CYLINDRICAL_SURFACE('',#3113,0.1);
#2754=CYLINDRICAL_SURFACE('',#3123,0.1);
#2755=CYLINDRICAL_SURFACE('',#3127,0.1);
#2756=CYLINDRICAL_SURFACE('',#3137,0.1);
#2757=CYLINDRICAL_SURFACE('',#3141,0.1);
#2758=CYLINDRICAL_SURFACE('',#3151,0.1);
#2759=CYLINDRICAL_SURFACE('',#3155,0.1);
#2760=CYLINDRICAL_SURFACE('',#3165,0.1);
#2761=CYLINDRICAL_SURFACE('',#3169,0.1);
#2762=CYLINDRICAL_SURFACE('',#3179,0.1);
#2763=CYLINDRICAL_SURFACE('',#3183,0.1);
#2764=CYLINDRICAL_SURFACE('',#3193,0.1);
#2765=CYLINDRICAL_SURFACE('',#3197,0.1);
#2766=ADVANCED_FACE('',(#185),#2733,.F.);
#2767=ADVANCED_FACE('',(#186),#50,.T.);
#2768=ADVANCED_FACE('',(#187),#51,.T.);
#2769=ADVANCED_FACE('',(#188),#52,.T.);
#2770=ADVANCED_FACE('',(#189),#53,.T.);
#2771=ADVANCED_FACE('',(#190),#54,.T.);
#2772=ADVANCED_FACE('',(#191),#55,.T.);
#2773=ADVANCED_FACE('',(#192),#56,.F.);
#2774=ADVANCED_FACE('',(#193),#2734,.F.);
#2775=ADVANCED_FACE('',(#194),#57,.T.);
#2776=ADVANCED_FACE('',(#195),#2735,.T.);
#2777=ADVANCED_FACE('',(#196),#58,.T.);
#2778=ADVANCED_FACE('',(#197),#59,.T.);
#2779=ADVANCED_FACE('',(#198),#60,.T.);
#2780=ADVANCED_FACE('',(#199),#61,.T.);
#2781=ADVANCED_FACE('',(#200),#62,.T.);
#2782=ADVANCED_FACE('',(#201),#63,.T.);
#2783=ADVANCED_FACE('',(#202),#64,.F.);
#2784=ADVANCED_FACE('',(#203),#2736,.F.);
#2785=ADVANCED_FACE('',(#204),#65,.T.);
#2786=ADVANCED_FACE('',(#205),#2737,.T.);
#2787=ADVANCED_FACE('',(#206),#66,.T.);
#2788=ADVANCED_FACE('',(#207),#67,.T.);
#2789=ADVANCED_FACE('',(#208),#68,.T.);
#2790=ADVANCED_FACE('',(#209),#69,.T.);
#2791=ADVANCED_FACE('',(#210),#70,.T.);
#2792=ADVANCED_FACE('',(#211),#71,.T.);
#2793=ADVANCED_FACE('',(#212),#72,.F.);
#2794=ADVANCED_FACE('',(#213),#2738,.F.);
#2795=ADVANCED_FACE('',(#214),#73,.T.);
#2796=ADVANCED_FACE('',(#215),#2739,.T.);
#2797=ADVANCED_FACE('',(#216),#74,.T.);
#2798=ADVANCED_FACE('',(#217),#75,.T.);
#2799=ADVANCED_FACE('',(#218),#76,.T.);
#2800=ADVANCED_FACE('',(#219),#77,.T.);
#2801=ADVANCED_FACE('',(#220),#78,.T.);
#2802=ADVANCED_FACE('',(#221),#79,.T.);
#2803=ADVANCED_FACE('',(#222),#80,.F.);
#2804=ADVANCED_FACE('',(#223),#2740,.F.);
#2805=ADVANCED_FACE('',(#224),#81,.T.);
#2806=ADVANCED_FACE('',(#225),#2741,.T.);
#2807=ADVANCED_FACE('',(#226),#82,.T.);
#2808=ADVANCED_FACE('',(#227),#83,.T.);
#2809=ADVANCED_FACE('',(#228),#84,.T.);
#2810=ADVANCED_FACE('',(#229),#85,.T.);
#2811=ADVANCED_FACE('',(#230),#86,.T.);
#2812=ADVANCED_FACE('',(#231),#87,.T.);
#2813=ADVANCED_FACE('',(#232),#88,.F.);
#2814=ADVANCED_FACE('',(#233),#2742,.F.);
#2815=ADVANCED_FACE('',(#234),#89,.T.);
#2816=ADVANCED_FACE('',(#235),#2743,.T.);
#2817=ADVANCED_FACE('',(#236),#90,.T.);
#2818=ADVANCED_FACE('',(#237),#91,.T.);
#2819=ADVANCED_FACE('',(#238),#92,.T.);
#2820=ADVANCED_FACE('',(#239),#93,.T.);
#2821=ADVANCED_FACE('',(#240),#94,.T.);
#2822=ADVANCED_FACE('',(#241),#95,.T.);
#2823=ADVANCED_FACE('',(#242),#96,.F.);
#2824=ADVANCED_FACE('',(#243),#2744,.F.);
#2825=ADVANCED_FACE('',(#244),#97,.T.);
#2826=ADVANCED_FACE('',(#245),#2745,.T.);
#2827=ADVANCED_FACE('',(#246),#98,.T.);
#2828=ADVANCED_FACE('',(#247),#99,.T.);
#2829=ADVANCED_FACE('',(#248),#100,.T.);
#2830=ADVANCED_FACE('',(#249),#101,.T.);
#2831=ADVANCED_FACE('',(#250),#102,.T.);
#2832=ADVANCED_FACE('',(#251),#103,.T.);
#2833=ADVANCED_FACE('',(#252),#104,.F.);
#2834=ADVANCED_FACE('',(#253),#2746,.F.);
#2835=ADVANCED_FACE('',(#254),#105,.T.);
#2836=ADVANCED_FACE('',(#255),#2747,.T.);
#2837=ADVANCED_FACE('',(#256),#106,.T.);
#2838=ADVANCED_FACE('',(#257),#107,.T.);
#2839=ADVANCED_FACE('',(#258),#108,.T.);
#2840=ADVANCED_FACE('',(#259),#109,.T.);
#2841=ADVANCED_FACE('',(#260),#110,.T.);
#2842=ADVANCED_FACE('',(#261),#111,.T.);
#2843=ADVANCED_FACE('',(#262),#112,.F.);
#2844=ADVANCED_FACE('',(#263),#2748,.F.);
#2845=ADVANCED_FACE('',(#264),#113,.T.);
#2846=ADVANCED_FACE('',(#265),#2749,.T.);
#2847=ADVANCED_FACE('',(#266),#114,.T.);
#2848=ADVANCED_FACE('',(#267),#115,.T.);
#2849=ADVANCED_FACE('',(#268),#116,.T.);
#2850=ADVANCED_FACE('',(#269),#117,.T.);
#2851=ADVANCED_FACE('',(#270),#118,.T.);
#2852=ADVANCED_FACE('',(#271),#119,.T.);
#2853=ADVANCED_FACE('',(#272),#120,.F.);
#2854=ADVANCED_FACE('',(#273),#2750,.F.);
#2855=ADVANCED_FACE('',(#274),#121,.F.);
#2856=ADVANCED_FACE('',(#275),#2751,.T.);
#2857=ADVANCED_FACE('',(#276),#122,.F.);
#2858=ADVANCED_FACE('',(#277),#123,.F.);
#2859=ADVANCED_FACE('',(#278),#124,.F.);
#2860=ADVANCED_FACE('',(#279),#125,.F.);
#2861=ADVANCED_FACE('',(#280),#126,.F.);
#2862=ADVANCED_FACE('',(#281),#127,.F.);
#2863=ADVANCED_FACE('',(#282),#128,.T.);
#2864=ADVANCED_FACE('',(#283),#2752,.F.);
#2865=ADVANCED_FACE('',(#284),#129,.F.);
#2866=ADVANCED_FACE('',(#285),#2753,.T.);
#2867=ADVANCED_FACE('',(#286),#130,.F.);
#2868=ADVANCED_FACE('',(#287),#131,.F.);
#2869=ADVANCED_FACE('',(#288),#132,.F.);
#2870=ADVANCED_FACE('',(#289),#133,.F.);
#2871=ADVANCED_FACE('',(#290),#134,.F.);
#2872=ADVANCED_FACE('',(#291),#135,.F.);
#2873=ADVANCED_FACE('',(#292),#136,.T.);
#2874=ADVANCED_FACE('',(#293),#2754,.F.);
#2875=ADVANCED_FACE('',(#294),#137,.F.);
#2876=ADVANCED_FACE('',(#295),#2755,.T.);
#2877=ADVANCED_FACE('',(#296),#138,.F.);
#2878=ADVANCED_FACE('',(#297),#139,.F.);
#2879=ADVANCED_FACE('',(#298),#140,.F.);
#2880=ADVANCED_FACE('',(#299),#141,.F.);
#2881=ADVANCED_FACE('',(#300),#142,.F.);
#2882=ADVANCED_FACE('',(#301),#143,.F.);
#2883=ADVANCED_FACE('',(#302),#144,.T.);
#2884=ADVANCED_FACE('',(#303),#2756,.F.);
#2885=ADVANCED_FACE('',(#304),#145,.F.);
#2886=ADVANCED_FACE('',(#305),#2757,.T.);
#2887=ADVANCED_FACE('',(#306),#146,.F.);
#2888=ADVANCED_FACE('',(#307),#147,.F.);
#2889=ADVANCED_FACE('',(#308),#148,.F.);
#2890=ADVANCED_FACE('',(#309),#149,.F.);
#2891=ADVANCED_FACE('',(#310),#150,.F.);
#2892=ADVANCED_FACE('',(#311),#151,.F.);
#2893=ADVANCED_FACE('',(#312),#152,.T.);
#2894=ADVANCED_FACE('',(#313),#2758,.F.);
#2895=ADVANCED_FACE('',(#314),#153,.F.);
#2896=ADVANCED_FACE('',(#315),#2759,.T.);
#2897=ADVANCED_FACE('',(#316),#154,.F.);
#2898=ADVANCED_FACE('',(#317),#155,.F.);
#2899=ADVANCED_FACE('',(#318),#156,.F.);
#2900=ADVANCED_FACE('',(#319),#157,.F.);
#2901=ADVANCED_FACE('',(#320),#158,.F.);
#2902=ADVANCED_FACE('',(#321),#159,.F.);
#2903=ADVANCED_FACE('',(#322),#160,.T.);
#2904=ADVANCED_FACE('',(#323),#2760,.F.);
#2905=ADVANCED_FACE('',(#324),#161,.F.);
#2906=ADVANCED_FACE('',(#325),#2761,.T.);
#2907=ADVANCED_FACE('',(#326),#162,.F.);
#2908=ADVANCED_FACE('',(#327),#163,.F.);
#2909=ADVANCED_FACE('',(#328),#164,.F.);
#2910=ADVANCED_FACE('',(#329),#165,.F.);
#2911=ADVANCED_FACE('',(#330),#166,.F.);
#2912=ADVANCED_FACE('',(#331),#167,.F.);
#2913=ADVANCED_FACE('',(#332),#168,.T.);
#2914=ADVANCED_FACE('',(#333),#2762,.F.);
#2915=ADVANCED_FACE('',(#334),#169,.F.);
#2916=ADVANCED_FACE('',(#335),#2763,.T.);
#2917=ADVANCED_FACE('',(#336),#170,.F.);
#2918=ADVANCED_FACE('',(#337),#171,.F.);
#2919=ADVANCED_FACE('',(#338),#172,.F.);
#2920=ADVANCED_FACE('',(#339),#173,.F.);
#2921=ADVANCED_FACE('',(#340),#174,.F.);
#2922=ADVANCED_FACE('',(#341),#175,.F.);
#2923=ADVANCED_FACE('',(#342),#176,.T.);
#2924=ADVANCED_FACE('',(#343),#2764,.F.);
#2925=ADVANCED_FACE('',(#344),#177,.F.);
#2926=ADVANCED_FACE('',(#345),#2765,.T.);
#2927=ADVANCED_FACE('',(#346),#178,.F.);
#2928=ADVANCED_FACE('',(#347),#179,.F.);
#2929=ADVANCED_FACE('',(#348),#180,.F.);
#2930=ADVANCED_FACE('',(#349),#181,.F.);
#2931=ADVANCED_FACE('',(#350),#182,.F.);
#2932=ADVANCED_FACE('',(#351),#183,.F.);
#2933=ADVANCED_FACE('',(#352),#184,.T.);
#2934=CLOSED_SHELL('',(#2766,#2767,#2768,#2769,#2770,#2771,#2772,#2773));
#2935=CLOSED_SHELL('',(#2774,#2775,#2776,#2777,#2778,#2779,#2780,#2781,
#2782,#2783));
#2936=CLOSED_SHELL('',(#2784,#2785,#2786,#2787,#2788,#2789,#2790,#2791,
#2792,#2793));
#2937=CLOSED_SHELL('',(#2794,#2795,#2796,#2797,#2798,#2799,#2800,#2801,
#2802,#2803));
#2938=CLOSED_SHELL('',(#2804,#2805,#2806,#2807,#2808,#2809,#2810,#2811,
#2812,#2813));
#2939=CLOSED_SHELL('',(#2814,#2815,#2816,#2817,#2818,#2819,#2820,#2821,
#2822,#2823));
#2940=CLOSED_SHELL('',(#2824,#2825,#2826,#2827,#2828,#2829,#2830,#2831,
#2832,#2833));
#2941=CLOSED_SHELL('',(#2834,#2835,#2836,#2837,#2838,#2839,#2840,#2841,
#2842,#2843));
#2942=CLOSED_SHELL('',(#2844,#2845,#2846,#2847,#2848,#2849,#2850,#2851,
#2852,#2853));
#2943=CLOSED_SHELL('',(#2854,#2855,#2856,#2857,#2858,#2859,#2860,#2861,
#2862,#2863));
#2944=CLOSED_SHELL('',(#2864,#2865,#2866,#2867,#2868,#2869,#2870,#2871,
#2872,#2873));
#2945=CLOSED_SHELL('',(#2874,#2875,#2876,#2877,#2878,#2879,#2880,#2881,
#2882,#2883));
#2946=CLOSED_SHELL('',(#2884,#2885,#2886,#2887,#2888,#2889,#2890,#2891,
#2892,#2893));
#2947=CLOSED_SHELL('',(#2894,#2895,#2896,#2897,#2898,#2899,#2900,#2901,
#2902,#2903));
#2948=CLOSED_SHELL('',(#2904,#2905,#2906,#2907,#2908,#2909,#2910,#2911,
#2912,#2913));
#2949=CLOSED_SHELL('',(#2914,#2915,#2916,#2917,#2918,#2919,#2920,#2921,
#2922,#2923));
#2950=CLOSED_SHELL('',(#2924,#2925,#2926,#2927,#2928,#2929,#2930,#2931,
#2932,#2933));
#2951=DERIVED_UNIT_ELEMENT(#2954,1.);
#2952=DERIVED_UNIT_ELEMENT(#4858,-3.);
#2953=DIMENSIONAL_EXPONENTS(0.,1.,0.,0.,0.,0.,0.);
#2954=(
CONVERSION_BASED_UNIT('gram',#2956)
MASS_UNIT()
NAMED_UNIT(#2953)
);
#2955=(
MASS_UNIT()
NAMED_UNIT(*)
SI_UNIT(.KILO.,.GRAM.)
);
#2956=MASS_MEASURE_WITH_UNIT(MASS_MEASURE(0.001),#2955);
#2957=DERIVED_UNIT((#2951,#2952));
#2958=MEASURE_REPRESENTATION_ITEM('density measure',
POSITIVE_RATIO_MEASURE(1.),#2957);
#2959=PROPERTY_DEFINITION_REPRESENTATION(#2964,#2961);
#2960=PROPERTY_DEFINITION_REPRESENTATION(#2965,#2962);
#2961=REPRESENTATION('material name',(#2963),#4855);
#2962=REPRESENTATION('density',(#2958),#4855);
#2963=DESCRIPTIVE_REPRESENTATION_ITEM('\X2\04220438043F043E0432044B0435\X0\',
'\X2\04220438043F043E0432044B0435\X0\');
#2964=PROPERTY_DEFINITION('material property','material name',#4865);
#2965=PROPERTY_DEFINITION('material property','density of part',#4865);
#2966=DATE_TIME_ROLE('creation_date');
#2967=APPLIED_DATE_AND_TIME_ASSIGNMENT(#2968,#2966,(#4865));
#2968=DATE_AND_TIME(#2969,#2970);
#2969=CALENDAR_DATE(2025,2,12);
#2970=LOCAL_TIME(0,0,0.,#2971);
#2971=COORDINATED_UNIVERSAL_TIME_OFFSET(0,0,.BEHIND.);
#2972=AXIS2_PLACEMENT_3D('',#4013,#3207,#3208);
#2973=AXIS2_PLACEMENT_3D('',#4014,#3209,#3210);
#2974=AXIS2_PLACEMENT_3D('',#4019,#3212,#3213);
#2975=AXIS2_PLACEMENT_3D('',#4022,#3215,#3216);
#2976=AXIS2_PLACEMENT_3D('',#4023,#3217,#3218);
#2977=AXIS2_PLACEMENT_3D('',#4025,#3220,#3221);
#2978=AXIS2_PLACEMENT_3D('',#4035,#3227,#3228);
#2979=AXIS2_PLACEMENT_3D('',#4041,#3232,#3233);
#2980=AXIS2_PLACEMENT_3D('',#4045,#3236,#3237);
#2981=AXIS2_PLACEMENT_3D('',#4049,#3240,#3241);
#2982=AXIS2_PLACEMENT_3D('',#4051,#3243,#3244);
#2983=AXIS2_PLACEMENT_3D('',#4052,#3245,#3246);
#2984=AXIS2_PLACEMENT_3D('',#4055,#3247,#3248);
#2985=AXIS2_PLACEMENT_3D('',#4059,#3250,#3251);
#2986=AXIS2_PLACEMENT_3D('',#4061,#3253,#3254);
#2987=AXIS2_PLACEMENT_3D('',#4067,#3258,#3259);
#2988=AXIS2_PLACEMENT_3D('',#4070,#3260,#3261);
#2989=AXIS2_PLACEMENT_3D('',#4074,#3263,#3264);
#2990=AXIS2_PLACEMENT_3D('',#4076,#3266,#3267);
#2991=AXIS2_PLACEMENT_3D('',#4082,#3271,#3272);
#2992=AXIS2_PLACEMENT_3D('',#4089,#3277,#3278);
#2993=AXIS2_PLACEMENT_3D('',#4091,#3280,#3281);
#2994=AXIS2_PLACEMENT_3D('',#4095,#3284,#3285);
#2995=AXIS2_PLACEMENT_3D('',#4099,#3288,#3289);
#2996=AXIS2_PLACEMENT_3D('',#4101,#3291,#3292);
#2997=AXIS2_PLACEMENT_3D('',#4102,#3293,#3294);
#2998=AXIS2_PLACEMENT_3D('',#4105,#3295,#3296);
#2999=AXIS2_PLACEMENT_3D('',#4109,#3298,#3299);
#3000=AXIS2_PLACEMENT_3D('',#4111,#3301,#3302);
#3001=AXIS2_PLACEMENT_3D('',#4117,#3306,#3307);
#3002=AXIS2_PLACEMENT_3D('',#4120,#3308,#3309);
#3003=AXIS2_PLACEMENT_3D('',#4124,#3311,#3312);
#3004=AXIS2_PLACEMENT_3D('',#4126,#3314,#3315);
#3005=AXIS2_PLACEMENT_3D('',#4132,#3319,#3320);
#3006=AXIS2_PLACEMENT_3D('',#4139,#3325,#3326);
#3007=AXIS2_PLACEMENT_3D('',#4141,#3328,#3329);
#3008=AXIS2_PLACEMENT_3D('',#4145,#3332,#3333);
#3009=AXIS2_PLACEMENT_3D('',#4149,#3336,#3337);
#3010=AXIS2_PLACEMENT_3D('',#4151,#3339,#3340);
#3011=AXIS2_PLACEMENT_3D('',#4152,#3341,#3342);
#3012=AXIS2_PLACEMENT_3D('',#4155,#3343,#3344);
#3013=AXIS2_PLACEMENT_3D('',#4159,#3346,#3347);
#3014=AXIS2_PLACEMENT_3D('',#4161,#3349,#3350);
#3015=AXIS2_PLACEMENT_3D('',#4167,#3354,#3355);
#3016=AXIS2_PLACEMENT_3D('',#4170,#3356,#3357);
#3017=AXIS2_PLACEMENT_3D('',#4174,#3359,#3360);
#3018=AXIS2_PLACEMENT_3D('',#4176,#3362,#3363);
#3019=AXIS2_PLACEMENT_3D('',#4182,#3367,#3368);
#3020=AXIS2_PLACEMENT_3D('',#4189,#3373,#3374);
#3021=AXIS2_PLACEMENT_3D('',#4191,#3376,#3377);
#3022=AXIS2_PLACEMENT_3D('',#4195,#3380,#3381);
#3023=AXIS2_PLACEMENT_3D('',#4199,#3384,#3385);
#3024=AXIS2_PLACEMENT_3D('',#4201,#3387,#3388);
#3025=AXIS2_PLACEMENT_3D('',#4202,#3389,#3390);
#3026=AXIS2_PLACEMENT_3D('',#4205,#3391,#3392);
#3027=AXIS2_PLACEMENT_3D('',#4209,#3394,#3395);
#3028=AXIS2_PLACEMENT_3D('',#4211,#3397,#3398);
#3029=AXIS2_PLACEMENT_3D('',#4217,#3402,#3403);
#3030=AXIS2_PLACEMENT_3D('',#4220,#3404,#3405);
#3031=AXIS2_PLACEMENT_3D('',#4224,#3407,#3408);
#3032=AXIS2_PLACEMENT_3D('',#4226,#3410,#3411);
#3033=AXIS2_PLACEMENT_3D('',#4232,#3415,#3416);
#3034=AXIS2_PLACEMENT_3D('',#4239,#3421,#3422);
#3035=AXIS2_PLACEMENT_3D('',#4241,#3424,#3425);
#3036=AXIS2_PLACEMENT_3D('',#4247,#3429,#3430);
#3037=AXIS2_PLACEMENT_3D('',#4249,#3432,#3433);
#3038=AXIS2_PLACEMENT_3D('',#4251,#3435,#3436);
#3039=AXIS2_PLACEMENT_3D('',#4252,#3437,#3438);
#3040=AXIS2_PLACEMENT_3D('',#4255,#3439,#3440);
#3041=AXIS2_PLACEMENT_3D('',#4259,#3442,#3443);
#3042=AXIS2_PLACEMENT_3D('',#4261,#3445,#3446);
#3043=AXIS2_PLACEMENT_3D('',#4267,#3450,#3451);
#3044=AXIS2_PLACEMENT_3D('',#4270,#3452,#3453);
#3045=AXIS2_PLACEMENT_3D('',#4274,#3455,#3456);
#3046=AXIS2_PLACEMENT_3D('',#4276,#3458,#3459);
#3047=AXIS2_PLACEMENT_3D('',#4282,#3463,#3464);
#3048=AXIS2_PLACEMENT_3D('',#4289,#3469,#3470);
#3049=AXIS2_PLACEMENT_3D('',#4291,#3472,#3473);
#3050=AXIS2_PLACEMENT_3D('',#4295,#3476,#3477);
#3051=AXIS2_PLACEMENT_3D('',#4299,#3480,#3481);
#3052=AXIS2_PLACEMENT_3D('',#4301,#3483,#3484);
#3053=AXIS2_PLACEMENT_3D('',#4302,#3485,#3486);
#3054=AXIS2_PLACEMENT_3D('',#4305,#3487,#3488);
#3055=AXIS2_PLACEMENT_3D('',#4309,#3490,#3491);
#3056=AXIS2_PLACEMENT_3D('',#4311,#3493,#3494);
#3057=AXIS2_PLACEMENT_3D('',#4317,#3498,#3499);
#3058=AXIS2_PLACEMENT_3D('',#4320,#3500,#3501);
#3059=AXIS2_PLACEMENT_3D('',#4324,#3503,#3504);
#3060=AXIS2_PLACEMENT_3D('',#4326,#3506,#3507);
#3061=AXIS2_PLACEMENT_3D('',#4332,#3511,#3512);
#3062=AXIS2_PLACEMENT_3D('',#4339,#3517,#3518);
#3063=AXIS2_PLACEMENT_3D('',#4341,#3520,#3521);
#3064=AXIS2_PLACEMENT_3D('',#4345,#3524,#3525);
#3065=AXIS2_PLACEMENT_3D('',#4349,#3528,#3529);
#3066=AXIS2_PLACEMENT_3D('',#4351,#3531,#3532);
#3067=AXIS2_PLACEMENT_3D('',#4352,#3533,#3534);
#3068=AXIS2_PLACEMENT_3D('',#4355,#3535,#3536);
#3069=AXIS2_PLACEMENT_3D('',#4359,#3538,#3539);
#3070=AXIS2_PLACEMENT_3D('',#4361,#3541,#3542);
#3071=AXIS2_PLACEMENT_3D('',#4367,#3546,#3547);
#3072=AXIS2_PLACEMENT_3D('',#4370,#3548,#3549);
#3073=AXIS2_PLACEMENT_3D('',#4374,#3551,#3552);
#3074=AXIS2_PLACEMENT_3D('',#4376,#3554,#3555);
#3075=AXIS2_PLACEMENT_3D('',#4382,#3559,#3560);
#3076=AXIS2_PLACEMENT_3D('',#4389,#3565,#3566);
#3077=AXIS2_PLACEMENT_3D('',#4391,#3568,#3569);
#3078=AXIS2_PLACEMENT_3D('',#4395,#3572,#3573);
#3079=AXIS2_PLACEMENT_3D('',#4399,#3576,#3577);
#3080=AXIS2_PLACEMENT_3D('',#4401,#3579,#3580);
#3081=AXIS2_PLACEMENT_3D('',#4402,#3581,#3582);
#3082=AXIS2_PLACEMENT_3D('',#4405,#3583,#3584);
#3083=AXIS2_PLACEMENT_3D('',#4409,#3586,#3587);
#3084=AXIS2_PLACEMENT_3D('',#4411,#3589,#3590);
#3085=AXIS2_PLACEMENT_3D('',#4417,#3594,#3595);
#3086=AXIS2_PLACEMENT_3D('',#4420,#3596,#3597);
#3087=AXIS2_PLACEMENT_3D('',#4424,#3599,#3600);
#3088=AXIS2_PLACEMENT_3D('',#4426,#3602,#3603);
#3089=AXIS2_PLACEMENT_3D('',#4432,#3607,#3608);
#3090=AXIS2_PLACEMENT_3D('',#4439,#3613,#3614);
#3091=AXIS2_PLACEMENT_3D('',#4441,#3616,#3617);
#3092=AXIS2_PLACEMENT_3D('',#4445,#3620,#3621);
#3093=AXIS2_PLACEMENT_3D('',#4449,#3624,#3625);
#3094=AXIS2_PLACEMENT_3D('',#4451,#3627,#3628);
#3095=AXIS2_PLACEMENT_3D('',#4452,#3629,#3630);
#3096=AXIS2_PLACEMENT_3D('',#4455,#3631,#3632);
#3097=AXIS2_PLACEMENT_3D('',#4459,#3634,#3635);
#3098=AXIS2_PLACEMENT_3D('',#4461,#3637,#3638);
#3099=AXIS2_PLACEMENT_3D('',#4467,#3642,#3643);
#3100=AXIS2_PLACEMENT_3D('',#4470,#3644,#3645);
#3101=AXIS2_PLACEMENT_3D('',#4474,#3647,#3648);
#3102=AXIS2_PLACEMENT_3D('',#4476,#3650,#3651);
#3103=AXIS2_PLACEMENT_3D('',#4482,#3655,#3656);
#3104=AXIS2_PLACEMENT_3D('',#4489,#3661,#3662);
#3105=AXIS2_PLACEMENT_3D('',#4491,#3664,#3665);
#3106=AXIS2_PLACEMENT_3D('',#4495,#3668,#3669);
#3107=AXIS2_PLACEMENT_3D('',#4499,#3672,#3673);
#3108=AXIS2_PLACEMENT_3D('',#4501,#3675,#3676);
#3109=AXIS2_PLACEMENT_3D('',#4502,#3677,#3678);
#3110=AXIS2_PLACEMENT_3D('',#4505,#3679,#3680);
#3111=AXIS2_PLACEMENT_3D('',#4509,#3682,#3683);
#3112=AXIS2_PLACEMENT_3D('',#4511,#3685,#3686);
#3113=AXIS2_PLACEMENT_3D('',#4517,#3690,#3691);
#3114=AXIS2_PLACEMENT_3D('',#4520,#3692,#3693);
#3115=AXIS2_PLACEMENT_3D('',#4524,#3695,#3696);
#3116=AXIS2_PLACEMENT_3D('',#4526,#3698,#3699);
#3117=AXIS2_PLACEMENT_3D('',#4532,#3703,#3704);
#3118=AXIS2_PLACEMENT_3D('',#4539,#3709,#3710);
#3119=AXIS2_PLACEMENT_3D('',#4541,#3712,#3713);
#3120=AXIS2_PLACEMENT_3D('',#4545,#3716,#3717);
#3121=AXIS2_PLACEMENT_3D('',#4549,#3720,#3721);
#3122=AXIS2_PLACEMENT_3D('',#4551,#3723,#3724);
#3123=AXIS2_PLACEMENT_3D('',#4552,#3725,#3726);
#3124=AXIS2_PLACEMENT_3D('',#4555,#3727,#3728);
#3125=AXIS2_PLACEMENT_3D('',#4559,#3730,#3731);
#3126=AXIS2_PLACEMENT_3D('',#4561,#3733,#3734);
#3127=AXIS2_PLACEMENT_3D('',#4567,#3738,#3739);
#3128=AXIS2_PLACEMENT_3D('',#4570,#3740,#3741);
#3129=AXIS2_PLACEMENT_3D('',#4574,#3743,#3744);
#3130=AXIS2_PLACEMENT_3D('',#4576,#3746,#3747);
#3131=AXIS2_PLACEMENT_3D('',#4582,#3751,#3752);
#3132=AXIS2_PLACEMENT_3D('',#4589,#3757,#3758);
#3133=AXIS2_PLACEMENT_3D('',#4591,#3760,#3761);
#3134=AXIS2_PLACEMENT_3D('',#4595,#3764,#3765);
#3135=AXIS2_PLACEMENT_3D('',#4599,#3768,#3769);
#3136=AXIS2_PLACEMENT_3D('',#4601,#3771,#3772);
#3137=AXIS2_PLACEMENT_3D('',#4602,#3773,#3774);
#3138=AXIS2_PLACEMENT_3D('',#4605,#3775,#3776);
#3139=AXIS2_PLACEMENT_3D('',#4609,#3778,#3779);
#3140=AXIS2_PLACEMENT_3D('',#4611,#3781,#3782);
#3141=AXIS2_PLACEMENT_3D('',#4617,#3786,#3787);
#3142=AXIS2_PLACEMENT_3D('',#4620,#3788,#3789);
#3143=AXIS2_PLACEMENT_3D('',#4624,#3791,#3792);
#3144=AXIS2_PLACEMENT_3D('',#4626,#3794,#3795);
#3145=AXIS2_PLACEMENT_3D('',#4632,#3799,#3800);
#3146=AXIS2_PLACEMENT_3D('',#4639,#3805,#3806);
#3147=AXIS2_PLACEMENT_3D('',#4641,#3808,#3809);
#3148=AXIS2_PLACEMENT_3D('',#4647,#3813,#3814);
#3149=AXIS2_PLACEMENT_3D('',#4649,#3816,#3817);
#3150=AXIS2_PLACEMENT_3D('',#4651,#3819,#3820);
#3151=AXIS2_PLACEMENT_3D('',#4652,#3821,#3822);
#3152=AXIS2_PLACEMENT_3D('',#4655,#3823,#3824);
#3153=AXIS2_PLACEMENT_3D('',#4659,#3826,#3827);
#3154=AXIS2_PLACEMENT_3D('',#4661,#3829,#3830);
#3155=AXIS2_PLACEMENT_3D('',#4667,#3834,#3835);
#3156=AXIS2_PLACEMENT_3D('',#4670,#3836,#3837);
#3157=AXIS2_PLACEMENT_3D('',#4674,#3839,#3840);
#3158=AXIS2_PLACEMENT_3D('',#4676,#3842,#3843);
#3159=AXIS2_PLACEMENT_3D('',#4682,#3847,#3848);
#3160=AXIS2_PLACEMENT_3D('',#4689,#3853,#3854);
#3161=AXIS2_PLACEMENT_3D('',#4691,#3856,#3857);
#3162=AXIS2_PLACEMENT_3D('',#4695,#3860,#3861);
#3163=AXIS2_PLACEMENT_3D('',#4699,#3864,#3865);
#3164=AXIS2_PLACEMENT_3D('',#4701,#3867,#3868);
#3165=AXIS2_PLACEMENT_3D('',#4702,#3869,#3870);
#3166=AXIS2_PLACEMENT_3D('',#4705,#3871,#3872);
#3167=AXIS2_PLACEMENT_3D('',#4709,#3874,#3875);
#3168=AXIS2_PLACEMENT_3D('',#4711,#3877,#3878);
#3169=AXIS2_PLACEMENT_3D('',#4717,#3882,#3883);
#3170=AXIS2_PLACEMENT_3D('',#4720,#3884,#3885);
#3171=AXIS2_PLACEMENT_3D('',#4724,#3887,#3888);
#3172=AXIS2_PLACEMENT_3D('',#4726,#3890,#3891);
#3173=AXIS2_PLACEMENT_3D('',#4732,#3895,#3896);
#3174=AXIS2_PLACEMENT_3D('',#4739,#3901,#3902);
#3175=AXIS2_PLACEMENT_3D('',#4741,#3904,#3905);
#3176=AXIS2_PLACEMENT_3D('',#4745,#3908,#3909);
#3177=AXIS2_PLACEMENT_3D('',#4749,#3912,#3913);
#3178=AXIS2_PLACEMENT_3D('',#4751,#3915,#3916);
#3179=AXIS2_PLACEMENT_3D('',#4752,#3917,#3918);
#3180=AXIS2_PLACEMENT_3D('',#4755,#3919,#3920);
#3181=AXIS2_PLACEMENT_3D('',#4759,#3922,#3923);
#3182=AXIS2_PLACEMENT_3D('',#4761,#3925,#3926);
#3183=AXIS2_PLACEMENT_3D('',#4767,#3930,#3931);
#3184=AXIS2_PLACEMENT_3D('',#4770,#3932,#3933);
#3185=AXIS2_PLACEMENT_3D('',#4774,#3935,#3936);
#3186=AXIS2_PLACEMENT_3D('',#4776,#3938,#3939);
#3187=AXIS2_PLACEMENT_3D('',#4782,#3943,#3944);
#3188=AXIS2_PLACEMENT_3D('',#4789,#3949,#3950);
#3189=AXIS2_PLACEMENT_3D('',#4791,#3952,#3953);
#3190=AXIS2_PLACEMENT_3D('',#4795,#3956,#3957);
#3191=AXIS2_PLACEMENT_3D('',#4799,#3960,#3961);
#3192=AXIS2_PLACEMENT_3D('',#4801,#3963,#3964);
#3193=AXIS2_PLACEMENT_3D('',#4802,#3965,#3966);
#3194=AXIS2_PLACEMENT_3D('',#4805,#3967,#3968);
#3195=AXIS2_PLACEMENT_3D('',#4809,#3970,#3971);
#3196=AXIS2_PLACEMENT_3D('',#4811,#3973,#3974);
#3197=AXIS2_PLACEMENT_3D('',#4817,#3978,#3979);
#3198=AXIS2_PLACEMENT_3D('',#4820,#3980,#3981);
#3199=AXIS2_PLACEMENT_3D('',#4824,#3983,#3984);
#3200=AXIS2_PLACEMENT_3D('',#4826,#3986,#3987);
#3201=AXIS2_PLACEMENT_3D('',#4832,#3991,#3992);
#3202=AXIS2_PLACEMENT_3D('',#4839,#3997,#3998);
#3203=AXIS2_PLACEMENT_3D('',#4841,#4000,#4001);
#3204=AXIS2_PLACEMENT_3D('',#4845,#4004,#4005);
#3205=AXIS2_PLACEMENT_3D('',#4849,#4008,#4009);
#3206=AXIS2_PLACEMENT_3D('',#4851,#4011,#4012);
#3207=DIRECTION('axis',(0.,0.,1.));
#3208=DIRECTION('refdir',(1.,0.,0.));
#3209=DIRECTION('center_axis',(-1.,0.,0.));
#3210=DIRECTION('ref_axis',(0.,0.,-1.));
#3211=DIRECTION('',(1.,0.,0.));
#3212=DIRECTION('center_axis',(-1.,0.,0.));
#3213=DIRECTION('ref_axis',(0.,0.,-1.));
#3214=DIRECTION('',(-1.,0.,0.));
#3215=DIRECTION('center_axis',(-1.,0.,0.));
#3216=DIRECTION('ref_axis',(0.,0.,-1.));
#3217=DIRECTION('center_axis',(1.,0.,0.));
#3218=DIRECTION('ref_axis',(0.,0.,-1.));
#3219=DIRECTION('',(0.,0.,-1.));
#3220=DIRECTION('center_axis',(1.,0.,0.));
#3221=DIRECTION('ref_axis',(0.,0.,-1.));
#3222=DIRECTION('',(0.,0.,1.));
#3223=DIRECTION('',(0.,-1.,0.));
#3224=DIRECTION('',(0.,0.,-1.));
#3225=DIRECTION('',(0.,1.,0.));
#3226=DIRECTION('',(0.,0.,1.));
#3227=DIRECTION('center_axis',(0.,0.,1.));
#3228=DIRECTION('ref_axis',(0.,-1.,0.));
#3229=DIRECTION('',(0.,-1.,0.));
#3230=DIRECTION('',(1.,0.,0.));
#3231=DIRECTION('',(1.,0.,0.));
#3232=DIRECTION('center_axis',(0.,1.,0.));
#3233=DIRECTION('ref_axis',(0.,0.,1.));
#3234=DIRECTION('',(1.,0.,0.));
#3235=DIRECTION('',(0.,0.,1.));
#3236=DIRECTION('center_axis',(0.,0.,-1.));
#3237=DIRECTION('ref_axis',(0.,1.,0.));
#3238=DIRECTION('',(0.,1.,0.));
#3239=DIRECTION('',(1.,0.,0.));
#3240=DIRECTION('center_axis',(0.,-1.,0.));
#3241=DIRECTION('ref_axis',(0.,0.,-1.));
#3242=DIRECTION('',(0.,0.,-1.));
#3243=DIRECTION('center_axis',(1.,0.,0.));
#3244=DIRECTION('ref_axis',(0.,0.,-1.));
#3245=DIRECTION('center_axis',(0.,1.,0.));
#3246=DIRECTION('ref_axis',(0.707106781186548,0.,0.707106781186548));
#3247=DIRECTION('center_axis',(0.,-1.,0.));
#3248=DIRECTION('ref_axis',(0.707106781186548,0.,0.707106781186548));
#3249=DIRECTION('',(0.,1.,0.));
#3250=DIRECTION('center_axis',(0.,1.,0.));
#3251=DIRECTION('ref_axis',(0.707106781186548,0.,0.707106781186548));
#3252=DIRECTION('',(0.,-1.,0.));
#3253=DIRECTION('center_axis',(0.,0.,-1.));
#3254=DIRECTION('ref_axis',(0.,-1.,0.));
#3255=DIRECTION('',(-1.,0.,0.));
#3256=DIRECTION('',(0.,-1.,0.));
#3257=DIRECTION('',(-1.,0.,0.));
#3258=DIRECTION('center_axis',(0.,1.,0.));
#3259=DIRECTION('ref_axis',(0.70710678118654,0.,0.707106781186555));
#3260=DIRECTION('center_axis',(0.,-1.,0.));
#3261=DIRECTION('ref_axis',(0.70710678118654,0.,0.707106781186555));
#3262=DIRECTION('',(0.,-1.,0.));
#3263=DIRECTION('center_axis',(0.,1.,0.));
#3264=DIRECTION('ref_axis',(0.70710678118654,0.,0.707106781186555));
#3265=DIRECTION('',(0.,1.,0.));
#3266=DIRECTION('center_axis',(0.,0.,1.));
#3267=DIRECTION('ref_axis',(1.,0.,0.));
#3268=DIRECTION('',(-1.,0.,0.));
#3269=DIRECTION('',(0.,1.,0.));
#3270=DIRECTION('',(-1.,0.,0.));
#3271=DIRECTION('center_axis',(0.,1.,0.));
#3272=DIRECTION('ref_axis',(-1.,0.,0.));
#3273=DIRECTION('',(0.,0.,1.));
#3274=DIRECTION('',(-1.,0.,0.));
#3275=DIRECTION('',(0.,0.,1.));
#3276=DIRECTION('',(0.,0.,-1.));
#3277=DIRECTION('center_axis',(-1.,0.,0.));
#3278=DIRECTION('ref_axis',(0.,0.,1.));
#3279=DIRECTION('',(0.,0.,1.));
#3280=DIRECTION('center_axis',(-1.,0.,0.));
#3281=DIRECTION('ref_axis',(0.,-1.,0.));
#3282=DIRECTION('',(0.,-1.,0.));
#3283=DIRECTION('',(0.,0.,1.));
#3284=DIRECTION('center_axis',(1.,0.,0.));
#3285=DIRECTION('ref_axis',(0.,1.,0.));
#3286=DIRECTION('',(0.,0.,1.));
#3287=DIRECTION('',(0.,1.,0.));
#3288=DIRECTION('center_axis',(0.,-1.,0.));
#3289=DIRECTION('ref_axis',(1.,0.,0.));
#3290=DIRECTION('',(1.,0.,0.));
#3291=DIRECTION('center_axis',(0.,0.,1.));
#3292=DIRECTION('ref_axis',(1.,0.,0.));
#3293=DIRECTION('center_axis',(0.,1.,0.));
#3294=DIRECTION('ref_axis',(0.707106781186548,0.,0.707106781186548));
#3295=DIRECTION('center_axis',(0.,-1.,0.));
#3296=DIRECTION('ref_axis',(0.707106781186548,0.,0.707106781186548));
#3297=DIRECTION('',(0.,1.,0.));
#3298=DIRECTION('center_axis',(0.,1.,0.));
#3299=DIRECTION('ref_axis',(0.707106781186548,0.,0.707106781186548));
#3300=DIRECTION('',(0.,-1.,0.));
#3301=DIRECTION('center_axis',(0.,0.,-1.));
#3302=DIRECTION('ref_axis',(0.,-1.,0.));
#3303=DIRECTION('',(-1.,0.,0.));
#3304=DIRECTION('',(0.,-1.,0.));
#3305=DIRECTION('',(-1.,0.,0.));
#3306=DIRECTION('center_axis',(0.,1.,0.));
#3307=DIRECTION('ref_axis',(0.70710678118654,0.,0.707106781186555));
#3308=DIRECTION('center_axis',(0.,-1.,0.));
#3309=DIRECTION('ref_axis',(0.70710678118654,0.,0.707106781186555));
#3310=DIRECTION('',(0.,-1.,0.));
#3311=DIRECTION('center_axis',(0.,1.,0.));
#3312=DIRECTION('ref_axis',(0.70710678118654,0.,0.707106781186555));
#3313=DIRECTION('',(0.,1.,0.));
#3314=DIRECTION('center_axis',(0.,0.,1.));
#3315=DIRECTION('ref_axis',(1.,0.,0.));
#3316=DIRECTION('',(-1.,0.,0.));
#3317=DIRECTION('',(0.,1.,0.));
#3318=DIRECTION('',(-1.,0.,0.));
#3319=DIRECTION('center_axis',(0.,1.,0.));
#3320=DIRECTION('ref_axis',(-1.,0.,0.));
#3321=DIRECTION('',(0.,0.,1.));
#3322=DIRECTION('',(-1.,0.,0.));
#3323=DIRECTION('',(0.,0.,1.));
#3324=DIRECTION('',(0.,0.,-1.));
#3325=DIRECTION('center_axis',(-1.,0.,0.));
#3326=DIRECTION('ref_axis',(0.,0.,1.));
#3327=DIRECTION('',(0.,0.,1.));
#3328=DIRECTION('center_axis',(-1.,0.,0.));
#3329=DIRECTION('ref_axis',(0.,-1.,0.));
#3330=DIRECTION('',(0.,-1.,0.));
#3331=DIRECTION('',(0.,0.,1.));
#3332=DIRECTION('center_axis',(1.,0.,0.));
#3333=DIRECTION('ref_axis',(0.,1.,0.));
#3334=DIRECTION('',(0.,0.,1.));
#3335=DIRECTION('',(0.,1.,0.));
#3336=DIRECTION('center_axis',(0.,-1.,0.));
#3337=DIRECTION('ref_axis',(1.,0.,0.));
#3338=DIRECTION('',(1.,0.,0.));
#3339=DIRECTION('center_axis',(0.,0.,1.));
#3340=DIRECTION('ref_axis',(1.,0.,0.));
#3341=DIRECTION('center_axis',(0.,1.,0.));
#3342=DIRECTION('ref_axis',(0.707106781186548,0.,0.707106781186548));
#3343=DIRECTION('center_axis',(0.,-1.,0.));
#3344=DIRECTION('ref_axis',(0.707106781186548,0.,0.707106781186548));
#3345=DIRECTION('',(0.,1.,0.));
#3346=DIRECTION('center_axis',(0.,1.,0.));
#3347=DIRECTION('ref_axis',(0.707106781186548,0.,0.707106781186548));
#3348=DIRECTION('',(0.,-1.,0.));
#3349=DIRECTION('center_axis',(0.,0.,-1.));
#3350=DIRECTION('ref_axis',(0.,-1.,0.));
#3351=DIRECTION('',(-1.,0.,0.));
#3352=DIRECTION('',(0.,-1.,0.));
#3353=DIRECTION('',(-1.,0.,0.));
#3354=DIRECTION('center_axis',(0.,1.,0.));
#3355=DIRECTION('ref_axis',(0.70710678118654,0.,0.707106781186555));
#3356=DIRECTION('center_axis',(0.,-1.,0.));
#3357=DIRECTION('ref_axis',(0.70710678118654,0.,0.707106781186555));
#3358=DIRECTION('',(0.,-1.,0.));
#3359=DIRECTION('center_axis',(0.,1.,0.));
#3360=DIRECTION('ref_axis',(0.70710678118654,0.,0.707106781186555));
#3361=DIRECTION('',(0.,1.,0.));
#3362=DIRECTION('center_axis',(0.,0.,1.));
#3363=DIRECTION('ref_axis',(1.,0.,0.));
#3364=DIRECTION('',(-1.,0.,0.));
#3365=DIRECTION('',(0.,1.,0.));
#3366=DIRECTION('',(-1.,0.,0.));
#3367=DIRECTION('center_axis',(0.,1.,0.));
#3368=DIRECTION('ref_axis',(-1.,0.,0.));
#3369=DIRECTION('',(0.,0.,1.));
#3370=DIRECTION('',(-1.,0.,0.));
#3371=DIRECTION('',(0.,0.,1.));
#3372=DIRECTION('',(0.,0.,-1.));
#3373=DIRECTION('center_axis',(-1.,0.,0.));
#3374=DIRECTION('ref_axis',(0.,0.,1.));
#3375=DIRECTION('',(0.,0.,1.));
#3376=DIRECTION('center_axis',(-1.,0.,0.));
#3377=DIRECTION('ref_axis',(0.,-1.,0.));
#3378=DIRECTION('',(0.,-1.,0.));
#3379=DIRECTION('',(0.,0.,1.));
#3380=DIRECTION('center_axis',(1.,0.,0.));
#3381=DIRECTION('ref_axis',(0.,1.,0.));
#3382=DIRECTION('',(0.,0.,1.));
#3383=DIRECTION('',(0.,1.,0.));
#3384=DIRECTION('center_axis',(0.,-1.,0.));
#3385=DIRECTION('ref_axis',(1.,0.,0.));
#3386=DIRECTION('',(1.,0.,0.));
#3387=DIRECTION('center_axis',(0.,0.,1.));
#3388=DIRECTION('ref_axis',(1.,0.,0.));
#3389=DIRECTION('center_axis',(0.,1.,0.));
#3390=DIRECTION('ref_axis',(0.707106781186548,0.,0.707106781186548));
#3391=DIRECTION('center_axis',(0.,-1.,0.));
#3392=DIRECTION('ref_axis',(0.707106781186548,0.,0.707106781186548));
#3393=DIRECTION('',(0.,1.,0.));
#3394=DIRECTION('center_axis',(0.,1.,0.));
#3395=DIRECTION('ref_axis',(0.707106781186548,0.,0.707106781186548));
#3396=DIRECTION('',(0.,-1.,0.));
#3397=DIRECTION('center_axis',(0.,0.,-1.));
#3398=DIRECTION('ref_axis',(0.,-1.,0.));
#3399=DIRECTION('',(-1.,0.,0.));
#3400=DIRECTION('',(0.,-1.,0.));
#3401=DIRECTION('',(-1.,0.,0.));
#3402=DIRECTION('center_axis',(0.,1.,0.));
#3403=DIRECTION('ref_axis',(0.70710678118654,0.,0.707106781186555));
#3404=DIRECTION('center_axis',(0.,-1.,0.));
#3405=DIRECTION('ref_axis',(0.70710678118654,0.,0.707106781186555));
#3406=DIRECTION('',(0.,-1.,0.));
#3407=DIRECTION('center_axis',(0.,1.,0.));
#3408=DIRECTION('ref_axis',(0.70710678118654,0.,0.707106781186555));
#3409=DIRECTION('',(0.,1.,0.));
#3410=DIRECTION('center_axis',(0.,0.,1.));
#3411=DIRECTION('ref_axis',(1.,0.,0.));
#3412=DIRECTION('',(-1.,0.,0.));
#3413=DIRECTION('',(0.,1.,0.));
#3414=DIRECTION('',(-1.,0.,0.));
#3415=DIRECTION('center_axis',(0.,1.,0.));
#3416=DIRECTION('ref_axis',(-1.,0.,0.));
#3417=DIRECTION('',(0.,0.,1.));
#3418=DIRECTION('',(-1.,0.,0.));
#3419=DIRECTION('',(0.,0.,1.));
#3420=DIRECTION('',(0.,0.,-1.));
#3421=DIRECTION('center_axis',(-1.,0.,0.));
#3422=DIRECTION('ref_axis',(0.,0.,1.));
#3423=DIRECTION('',(0.,0.,1.));
#3424=DIRECTION('center_axis',(0.,-1.,0.));
#3425=DIRECTION('ref_axis',(1.,0.,0.));
#3426=DIRECTION('',(0.,0.,1.));
#3427=DIRECTION('',(1.,0.,0.));
#3428=DIRECTION('',(0.,0.,1.));
#3429=DIRECTION('center_axis',(-1.,0.,0.));
#3430=DIRECTION('ref_axis',(0.,-1.,0.));
#3431=DIRECTION('',(0.,-1.,0.));
#3432=DIRECTION('center_axis',(1.,0.,0.));
#3433=DIRECTION('ref_axis',(0.,1.,0.));
#3434=DIRECTION('',(0.,1.,0.));
#3435=DIRECTION('center_axis',(0.,0.,1.));
#3436=DIRECTION('ref_axis',(1.,0.,0.));
#3437=DIRECTION('center_axis',(0.,1.,0.));
#3438=DIRECTION('ref_axis',(0.707106781186548,0.,0.707106781186548));
#3439=DIRECTION('center_axis',(0.,-1.,0.));
#3440=DIRECTION('ref_axis',(0.707106781186548,0.,0.707106781186548));
#3441=DIRECTION('',(0.,1.,0.));
#3442=DIRECTION('center_axis',(0.,1.,0.));
#3443=DIRECTION('ref_axis',(0.707106781186548,0.,0.707106781186548));
#3444=DIRECTION('',(0.,-1.,0.));
#3445=DIRECTION('center_axis',(0.,0.,-1.));
#3446=DIRECTION('ref_axis',(0.,-1.,0.));
#3447=DIRECTION('',(-1.,0.,0.));
#3448=DIRECTION('',(0.,-1.,0.));
#3449=DIRECTION('',(-1.,0.,0.));
#3450=DIRECTION('center_axis',(0.,1.,0.));
#3451=DIRECTION('ref_axis',(0.70710678118654,0.,0.707106781186555));
#3452=DIRECTION('center_axis',(0.,-1.,0.));
#3453=DIRECTION('ref_axis',(0.70710678118654,0.,0.707106781186555));
#3454=DIRECTION('',(0.,-1.,0.));
#3455=DIRECTION('center_axis',(0.,1.,0.));
#3456=DIRECTION('ref_axis',(0.70710678118654,0.,0.707106781186555));
#3457=DIRECTION('',(0.,1.,0.));
#3458=DIRECTION('center_axis',(0.,0.,1.));
#3459=DIRECTION('ref_axis',(1.,0.,0.));
#3460=DIRECTION('',(-1.,0.,0.));
#3461=DIRECTION('',(0.,1.,0.));
#3462=DIRECTION('',(-1.,0.,0.));
#3463=DIRECTION('center_axis',(0.,1.,0.));
#3464=DIRECTION('ref_axis',(-1.,0.,0.));
#3465=DIRECTION('',(0.,0.,1.));
#3466=DIRECTION('',(-1.,0.,0.));
#3467=DIRECTION('',(0.,0.,1.));
#3468=DIRECTION('',(0.,0.,-1.));
#3469=DIRECTION('center_axis',(-1.,0.,0.));
#3470=DIRECTION('ref_axis',(0.,0.,1.));
#3471=DIRECTION('',(0.,0.,1.));
#3472=DIRECTION('center_axis',(-1.,0.,0.));
#3473=DIRECTION('ref_axis',(0.,-1.,0.));
#3474=DIRECTION('',(0.,-1.,0.));
#3475=DIRECTION('',(0.,0.,1.));
#3476=DIRECTION('center_axis',(1.,0.,0.));
#3477=DIRECTION('ref_axis',(0.,1.,0.));
#3478=DIRECTION('',(0.,0.,1.));
#3479=DIRECTION('',(0.,1.,0.));
#3480=DIRECTION('center_axis',(0.,-1.,0.));
#3481=DIRECTION('ref_axis',(1.,0.,0.));
#3482=DIRECTION('',(1.,0.,0.));
#3483=DIRECTION('center_axis',(0.,0.,1.));
#3484=DIRECTION('ref_axis',(1.,0.,0.));
#3485=DIRECTION('center_axis',(0.,1.,0.));
#3486=DIRECTION('ref_axis',(0.707106781186548,0.,0.707106781186548));
#3487=DIRECTION('center_axis',(0.,-1.,0.));
#3488=DIRECTION('ref_axis',(0.707106781186548,0.,0.707106781186548));
#3489=DIRECTION('',(0.,1.,0.));
#3490=DIRECTION('center_axis',(0.,1.,0.));
#3491=DIRECTION('ref_axis',(0.707106781186548,0.,0.707106781186548));
#3492=DIRECTION('',(0.,-1.,0.));
#3493=DIRECTION('center_axis',(0.,0.,-1.));
#3494=DIRECTION('ref_axis',(0.,-1.,0.));
#3495=DIRECTION('',(-1.,0.,0.));
#3496=DIRECTION('',(0.,-1.,0.));
#3497=DIRECTION('',(-1.,0.,0.));
#3498=DIRECTION('center_axis',(0.,1.,0.));
#3499=DIRECTION('ref_axis',(0.70710678118654,0.,0.707106781186555));
#3500=DIRECTION('center_axis',(0.,-1.,0.));
#3501=DIRECTION('ref_axis',(0.70710678118654,0.,0.707106781186555));
#3502=DIRECTION('',(0.,-1.,0.));
#3503=DIRECTION('center_axis',(0.,1.,0.));
#3504=DIRECTION('ref_axis',(0.70710678118654,0.,0.707106781186555));
#3505=DIRECTION('',(0.,1.,0.));
#3506=DIRECTION('center_axis',(0.,0.,1.));
#3507=DIRECTION('ref_axis',(1.,0.,0.));
#3508=DIRECTION('',(-1.,0.,0.));
#3509=DIRECTION('',(0.,1.,0.));
#3510=DIRECTION('',(-1.,0.,0.));
#3511=DIRECTION('center_axis',(0.,1.,0.));
#3512=DIRECTION('ref_axis',(-1.,0.,0.));
#3513=DIRECTION('',(0.,0.,1.));
#3514=DIRECTION('',(-1.,0.,0.));
#3515=DIRECTION('',(0.,0.,1.));
#3516=DIRECTION('',(0.,0.,-1.));
#3517=DIRECTION('center_axis',(-1.,0.,0.));
#3518=DIRECTION('ref_axis',(0.,0.,1.));
#3519=DIRECTION('',(0.,0.,1.));
#3520=DIRECTION('center_axis',(-1.,0.,0.));
#3521=DIRECTION('ref_axis',(0.,-1.,0.));
#3522=DIRECTION('',(0.,-1.,0.));
#3523=DIRECTION('',(0.,0.,1.));
#3524=DIRECTION('center_axis',(1.,0.,0.));
#3525=DIRECTION('ref_axis',(0.,1.,0.));
#3526=DIRECTION('',(0.,0.,1.));
#3527=DIRECTION('',(0.,1.,0.));
#3528=DIRECTION('center_axis',(0.,-1.,0.));
#3529=DIRECTION('ref_axis',(1.,0.,0.));
#3530=DIRECTION('',(1.,0.,0.));
#3531=DIRECTION('center_axis',(0.,0.,1.));
#3532=DIRECTION('ref_axis',(1.,0.,0.));
#3533=DIRECTION('center_axis',(0.,1.,0.));
#3534=DIRECTION('ref_axis',(0.707106781186548,0.,0.707106781186548));
#3535=DIRECTION('center_axis',(0.,-1.,0.));
#3536=DIRECTION('ref_axis',(0.707106781186548,0.,0.707106781186548));
#3537=DIRECTION('',(0.,1.,0.));
#3538=DIRECTION('center_axis',(0.,1.,0.));
#3539=DIRECTION('ref_axis',(0.707106781186548,0.,0.707106781186548));
#3540=DIRECTION('',(0.,-1.,0.));
#3541=DIRECTION('center_axis',(0.,0.,-1.));
#3542=DIRECTION('ref_axis',(0.,-1.,0.));
#3543=DIRECTION('',(-1.,0.,0.));
#3544=DIRECTION('',(0.,-1.,0.));
#3545=DIRECTION('',(-1.,0.,0.));
#3546=DIRECTION('center_axis',(0.,1.,0.));
#3547=DIRECTION('ref_axis',(0.70710678118654,0.,0.707106781186555));
#3548=DIRECTION('center_axis',(0.,-1.,0.));
#3549=DIRECTION('ref_axis',(0.70710678118654,0.,0.707106781186555));
#3550=DIRECTION('',(0.,-1.,0.));
#3551=DIRECTION('center_axis',(0.,1.,0.));
#3552=DIRECTION('ref_axis',(0.70710678118654,0.,0.707106781186555));
#3553=DIRECTION('',(0.,1.,0.));
#3554=DIRECTION('center_axis',(0.,0.,1.));
#3555=DIRECTION('ref_axis',(1.,0.,0.));
#3556=DIRECTION('',(-1.,0.,0.));
#3557=DIRECTION('',(0.,1.,0.));
#3558=DIRECTION('',(-1.,0.,0.));
#3559=DIRECTION('center_axis',(0.,1.,0.));
#3560=DIRECTION('ref_axis',(-1.,0.,0.));
#3561=DIRECTION('',(0.,0.,1.));
#3562=DIRECTION('',(-1.,0.,0.));
#3563=DIRECTION('',(0.,0.,1.));
#3564=DIRECTION('',(0.,0.,-1.));
#3565=DIRECTION('center_axis',(-1.,0.,0.));
#3566=DIRECTION('ref_axis',(0.,0.,1.));
#3567=DIRECTION('',(0.,0.,1.));
#3568=DIRECTION('center_axis',(-1.,0.,0.));
#3569=DIRECTION('ref_axis',(0.,-1.,0.));
#3570=DIRECTION('',(0.,-1.,0.));
#3571=DIRECTION('',(0.,0.,1.));
#3572=DIRECTION('center_axis',(1.,0.,0.));
#3573=DIRECTION('ref_axis',(0.,1.,0.));
#3574=DIRECTION('',(0.,0.,1.));
#3575=DIRECTION('',(0.,1.,0.));
#3576=DIRECTION('center_axis',(0.,-1.,0.));
#3577=DIRECTION('ref_axis',(1.,0.,0.));
#3578=DIRECTION('',(1.,0.,0.));
#3579=DIRECTION('center_axis',(0.,0.,1.));
#3580=DIRECTION('ref_axis',(1.,0.,0.));
#3581=DIRECTION('center_axis',(0.,1.,0.));
#3582=DIRECTION('ref_axis',(0.707106781186548,0.,0.707106781186548));
#3583=DIRECTION('center_axis',(0.,-1.,0.));
#3584=DIRECTION('ref_axis',(0.707106781186548,0.,0.707106781186548));
#3585=DIRECTION('',(0.,1.,0.));
#3586=DIRECTION('center_axis',(0.,1.,0.));
#3587=DIRECTION('ref_axis',(0.707106781186548,0.,0.707106781186548));
#3588=DIRECTION('',(0.,-1.,0.));
#3589=DIRECTION('center_axis',(0.,0.,-1.));
#3590=DIRECTION('ref_axis',(0.,-1.,0.));
#3591=DIRECTION('',(-1.,0.,0.));
#3592=DIRECTION('',(0.,-1.,0.));
#3593=DIRECTION('',(-1.,0.,0.));
#3594=DIRECTION('center_axis',(0.,1.,0.));
#3595=DIRECTION('ref_axis',(0.70710678118654,0.,0.707106781186555));
#3596=DIRECTION('center_axis',(0.,-1.,0.));
#3597=DIRECTION('ref_axis',(0.70710678118654,0.,0.707106781186555));
#3598=DIRECTION('',(0.,-1.,0.));
#3599=DIRECTION('center_axis',(0.,1.,0.));
#3600=DIRECTION('ref_axis',(0.70710678118654,0.,0.707106781186555));
#3601=DIRECTION('',(0.,1.,0.));
#3602=DIRECTION('center_axis',(0.,0.,1.));
#3603=DIRECTION('ref_axis',(1.,0.,0.));
#3604=DIRECTION('',(-1.,0.,0.));
#3605=DIRECTION('',(0.,1.,0.));
#3606=DIRECTION('',(-1.,0.,0.));
#3607=DIRECTION('center_axis',(0.,1.,0.));
#3608=DIRECTION('ref_axis',(-1.,0.,0.));
#3609=DIRECTION('',(0.,0.,1.));
#3610=DIRECTION('',(-1.,0.,0.));
#3611=DIRECTION('',(0.,0.,1.));
#3612=DIRECTION('',(0.,0.,-1.));
#3613=DIRECTION('center_axis',(-1.,0.,0.));
#3614=DIRECTION('ref_axis',(0.,0.,1.));
#3615=DIRECTION('',(0.,0.,1.));
#3616=DIRECTION('center_axis',(-1.,0.,0.));
#3617=DIRECTION('ref_axis',(0.,-1.,0.));
#3618=DIRECTION('',(0.,-1.,0.));
#3619=DIRECTION('',(0.,0.,1.));
#3620=DIRECTION('center_axis',(1.,0.,0.));
#3621=DIRECTION('ref_axis',(0.,1.,0.));
#3622=DIRECTION('',(0.,0.,1.));
#3623=DIRECTION('',(0.,1.,0.));
#3624=DIRECTION('center_axis',(0.,-1.,0.));
#3625=DIRECTION('ref_axis',(1.,0.,0.));
#3626=DIRECTION('',(1.,0.,0.));
#3627=DIRECTION('center_axis',(0.,0.,1.));
#3628=DIRECTION('ref_axis',(1.,0.,0.));
#3629=DIRECTION('center_axis',(0.,-1.,0.));
#3630=DIRECTION('ref_axis',(0.707106781186548,0.,-0.707106781186548));
#3631=DIRECTION('center_axis',(0.,1.,0.));
#3632=DIRECTION('ref_axis',(0.707106781186548,0.,-0.707106781186548));
#3633=DIRECTION('',(0.,-1.,0.));
#3634=DIRECTION('center_axis',(0.,-1.,0.));
#3635=DIRECTION('ref_axis',(0.707106781186548,0.,-0.707106781186548));
#3636=DIRECTION('',(0.,1.,0.));
#3637=DIRECTION('center_axis',(0.,0.,-1.));
#3638=DIRECTION('ref_axis',(0.,-1.,0.));
#3639=DIRECTION('',(-1.,0.,0.));
#3640=DIRECTION('',(0.,-1.,0.));
#3641=DIRECTION('',(-1.,0.,0.));
#3642=DIRECTION('center_axis',(0.,-1.,0.));
#3643=DIRECTION('ref_axis',(0.70710678118654,0.,-0.707106781186555));
#3644=DIRECTION('center_axis',(0.,1.,0.));
#3645=DIRECTION('ref_axis',(0.70710678118654,0.,-0.707106781186555));
#3646=DIRECTION('',(0.,1.,0.));
#3647=DIRECTION('center_axis',(0.,-1.,0.));
#3648=DIRECTION('ref_axis',(0.70710678118654,0.,-0.707106781186555));
#3649=DIRECTION('',(0.,-1.,0.));
#3650=DIRECTION('center_axis',(0.,0.,1.));
#3651=DIRECTION('ref_axis',(1.,0.,0.));
#3652=DIRECTION('',(-1.,0.,0.));
#3653=DIRECTION('',(0.,1.,0.));
#3654=DIRECTION('',(-1.,0.,0.));
#3655=DIRECTION('center_axis',(0.,-1.,0.));
#3656=DIRECTION('ref_axis',(-1.,0.,0.));
#3657=DIRECTION('',(0.,0.,1.));
#3658=DIRECTION('',(0.,0.,-1.));
#3659=DIRECTION('',(-1.,0.,0.));
#3660=DIRECTION('',(0.,0.,-1.));
#3661=DIRECTION('center_axis',(1.,0.,0.));
#3662=DIRECTION('ref_axis',(0.,0.,-1.));
#3663=DIRECTION('',(0.,0.,-1.));
#3664=DIRECTION('center_axis',(1.,0.,0.));
#3665=DIRECTION('ref_axis',(0.,-1.,0.));
#3666=DIRECTION('',(0.,0.,-1.));
#3667=DIRECTION('',(0.,-1.,0.));
#3668=DIRECTION('center_axis',(-1.,0.,0.));
#3669=DIRECTION('ref_axis',(0.,1.,0.));
#3670=DIRECTION('',(0.,1.,0.));
#3671=DIRECTION('',(0.,0.,-1.));
#3672=DIRECTION('center_axis',(0.,1.,0.));
#3673=DIRECTION('ref_axis',(1.,0.,0.));
#3674=DIRECTION('',(1.,0.,0.));
#3675=DIRECTION('center_axis',(0.,0.,1.));
#3676=DIRECTION('ref_axis',(1.,0.,0.));
#3677=DIRECTION('center_axis',(0.,-1.,0.));
#3678=DIRECTION('ref_axis',(0.707106781186548,0.,-0.707106781186548));
#3679=DIRECTION('center_axis',(0.,1.,0.));
#3680=DIRECTION('ref_axis',(0.707106781186548,0.,-0.707106781186548));
#3681=DIRECTION('',(0.,-1.,0.));
#3682=DIRECTION('center_axis',(0.,-1.,0.));
#3683=DIRECTION('ref_axis',(0.707106781186548,0.,-0.707106781186548));
#3684=DIRECTION('',(0.,1.,0.));
#3685=DIRECTION('center_axis',(0.,0.,-1.));
#3686=DIRECTION('ref_axis',(0.,-1.,0.));
#3687=DIRECTION('',(-1.,0.,0.));
#3688=DIRECTION('',(0.,-1.,0.));
#3689=DIRECTION('',(-1.,0.,0.));
#3690=DIRECTION('center_axis',(0.,-1.,0.));
#3691=DIRECTION('ref_axis',(0.70710678118654,0.,-0.707106781186555));
#3692=DIRECTION('center_axis',(0.,1.,0.));
#3693=DIRECTION('ref_axis',(0.70710678118654,0.,-0.707106781186555));
#3694=DIRECTION('',(0.,1.,0.));
#3695=DIRECTION('center_axis',(0.,-1.,0.));
#3696=DIRECTION('ref_axis',(0.70710678118654,0.,-0.707106781186555));
#3697=DIRECTION('',(0.,-1.,0.));
#3698=DIRECTION('center_axis',(0.,0.,1.));
#3699=DIRECTION('ref_axis',(1.,0.,0.));
#3700=DIRECTION('',(-1.,0.,0.));
#3701=DIRECTION('',(0.,1.,0.));
#3702=DIRECTION('',(-1.,0.,0.));
#3703=DIRECTION('center_axis',(0.,-1.,0.));
#3704=DIRECTION('ref_axis',(-1.,0.,0.));
#3705=DIRECTION('',(0.,0.,1.));
#3706=DIRECTION('',(0.,0.,-1.));
#3707=DIRECTION('',(-1.,0.,0.));
#3708=DIRECTION('',(0.,0.,-1.));
#3709=DIRECTION('center_axis',(1.,0.,0.));
#3710=DIRECTION('ref_axis',(0.,0.,-1.));
#3711=DIRECTION('',(0.,0.,-1.));
#3712=DIRECTION('center_axis',(1.,0.,0.));
#3713=DIRECTION('ref_axis',(0.,-1.,0.));
#3714=DIRECTION('',(0.,0.,-1.));
#3715=DIRECTION('',(0.,-1.,0.));
#3716=DIRECTION('center_axis',(-1.,0.,0.));
#3717=DIRECTION('ref_axis',(0.,1.,0.));
#3718=DIRECTION('',(0.,1.,0.));
#3719=DIRECTION('',(0.,0.,-1.));
#3720=DIRECTION('center_axis',(0.,1.,0.));
#3721=DIRECTION('ref_axis',(1.,0.,0.));
#3722=DIRECTION('',(1.,0.,0.));
#3723=DIRECTION('center_axis',(0.,0.,1.));
#3724=DIRECTION('ref_axis',(1.,0.,0.));
#3725=DIRECTION('center_axis',(0.,-1.,0.));
#3726=DIRECTION('ref_axis',(0.707106781186548,0.,-0.707106781186548));
#3727=DIRECTION('center_axis',(0.,1.,0.));
#3728=DIRECTION('ref_axis',(0.707106781186548,0.,-0.707106781186548));
#3729=DIRECTION('',(0.,-1.,0.));
#3730=DIRECTION('center_axis',(0.,-1.,0.));
#3731=DIRECTION('ref_axis',(0.707106781186548,0.,-0.707106781186548));
#3732=DIRECTION('',(0.,1.,0.));
#3733=DIRECTION('center_axis',(0.,0.,-1.));
#3734=DIRECTION('ref_axis',(0.,-1.,0.));
#3735=DIRECTION('',(-1.,0.,0.));
#3736=DIRECTION('',(0.,-1.,0.));
#3737=DIRECTION('',(-1.,0.,0.));
#3738=DIRECTION('center_axis',(0.,-1.,0.));
#3739=DIRECTION('ref_axis',(0.70710678118654,0.,-0.707106781186555));
#3740=DIRECTION('center_axis',(0.,1.,0.));
#3741=DIRECTION('ref_axis',(0.70710678118654,0.,-0.707106781186555));
#3742=DIRECTION('',(0.,1.,0.));
#3743=DIRECTION('center_axis',(0.,-1.,0.));
#3744=DIRECTION('ref_axis',(0.70710678118654,0.,-0.707106781186555));
#3745=DIRECTION('',(0.,-1.,0.));
#3746=DIRECTION('center_axis',(0.,0.,1.));
#3747=DIRECTION('ref_axis',(1.,0.,0.));
#3748=DIRECTION('',(-1.,0.,0.));
#3749=DIRECTION('',(0.,1.,0.));
#3750=DIRECTION('',(-1.,0.,0.));
#3751=DIRECTION('center_axis',(0.,-1.,0.));
#3752=DIRECTION('ref_axis',(-1.,0.,0.));
#3753=DIRECTION('',(0.,0.,1.));
#3754=DIRECTION('',(0.,0.,-1.));
#3755=DIRECTION('',(-1.,0.,0.));
#3756=DIRECTION('',(0.,0.,-1.));
#3757=DIRECTION('center_axis',(1.,0.,0.));
#3758=DIRECTION('ref_axis',(0.,0.,-1.));
#3759=DIRECTION('',(0.,0.,-1.));
#3760=DIRECTION('center_axis',(1.,0.,0.));
#3761=DIRECTION('ref_axis',(0.,-1.,0.));
#3762=DIRECTION('',(0.,0.,-1.));
#3763=DIRECTION('',(0.,-1.,0.));
#3764=DIRECTION('center_axis',(-1.,0.,0.));
#3765=DIRECTION('ref_axis',(0.,1.,0.));
#3766=DIRECTION('',(0.,1.,0.));
#3767=DIRECTION('',(0.,0.,-1.));
#3768=DIRECTION('center_axis',(0.,1.,0.));
#3769=DIRECTION('ref_axis',(1.,0.,0.));
#3770=DIRECTION('',(1.,0.,0.));
#3771=DIRECTION('center_axis',(0.,0.,1.));
#3772=DIRECTION('ref_axis',(1.,0.,0.));
#3773=DIRECTION('center_axis',(0.,-1.,0.));
#3774=DIRECTION('ref_axis',(0.707106781186548,0.,-0.707106781186548));
#3775=DIRECTION('center_axis',(0.,1.,0.));
#3776=DIRECTION('ref_axis',(0.707106781186548,0.,-0.707106781186548));
#3777=DIRECTION('',(0.,-1.,0.));
#3778=DIRECTION('center_axis',(0.,-1.,0.));
#3779=DIRECTION('ref_axis',(0.707106781186548,0.,-0.707106781186548));
#3780=DIRECTION('',(0.,1.,0.));
#3781=DIRECTION('center_axis',(0.,0.,-1.));
#3782=DIRECTION('ref_axis',(0.,-1.,0.));
#3783=DIRECTION('',(-1.,0.,0.));
#3784=DIRECTION('',(0.,-1.,0.));
#3785=DIRECTION('',(-1.,0.,0.));
#3786=DIRECTION('center_axis',(0.,-1.,0.));
#3787=DIRECTION('ref_axis',(0.70710678118654,0.,-0.707106781186555));
#3788=DIRECTION('center_axis',(0.,1.,0.));
#3789=DIRECTION('ref_axis',(0.70710678118654,0.,-0.707106781186555));
#3790=DIRECTION('',(0.,1.,0.));
#3791=DIRECTION('center_axis',(0.,-1.,0.));
#3792=DIRECTION('ref_axis',(0.70710678118654,0.,-0.707106781186555));
#3793=DIRECTION('',(0.,-1.,0.));
#3794=DIRECTION('center_axis',(0.,0.,1.));
#3795=DIRECTION('ref_axis',(1.,0.,0.));
#3796=DIRECTION('',(-1.,0.,0.));
#3797=DIRECTION('',(0.,1.,0.));
#3798=DIRECTION('',(-1.,0.,0.));
#3799=DIRECTION('center_axis',(0.,-1.,0.));
#3800=DIRECTION('ref_axis',(-1.,0.,0.));
#3801=DIRECTION('',(0.,0.,1.));
#3802=DIRECTION('',(0.,0.,-1.));
#3803=DIRECTION('',(-1.,0.,0.));
#3804=DIRECTION('',(0.,0.,-1.));
#3805=DIRECTION('center_axis',(1.,0.,0.));
#3806=DIRECTION('ref_axis',(0.,0.,-1.));
#3807=DIRECTION('',(0.,0.,-1.));
#3808=DIRECTION('center_axis',(0.,1.,0.));
#3809=DIRECTION('ref_axis',(1.,0.,0.));
#3810=DIRECTION('',(0.,0.,-1.));
#3811=DIRECTION('',(1.,0.,0.));
#3812=DIRECTION('',(0.,0.,-1.));
#3813=DIRECTION('center_axis',(1.,0.,0.));
#3814=DIRECTION('ref_axis',(0.,-1.,0.));
#3815=DIRECTION('',(0.,-1.,0.));
#3816=DIRECTION('center_axis',(-1.,0.,0.));
#3817=DIRECTION('ref_axis',(0.,1.,0.));
#3818=DIRECTION('',(0.,1.,0.));
#3819=DIRECTION('center_axis',(0.,0.,1.));
#3820=DIRECTION('ref_axis',(1.,0.,0.));
#3821=DIRECTION('center_axis',(0.,-1.,0.));
#3822=DIRECTION('ref_axis',(0.707106781186548,0.,-0.707106781186548));
#3823=DIRECTION('center_axis',(0.,1.,0.));
#3824=DIRECTION('ref_axis',(0.707106781186548,0.,-0.707106781186548));
#3825=DIRECTION('',(0.,-1.,0.));
#3826=DIRECTION('center_axis',(0.,-1.,0.));
#3827=DIRECTION('ref_axis',(0.707106781186548,0.,-0.707106781186548));
#3828=DIRECTION('',(0.,1.,0.));
#3829=DIRECTION('center_axis',(0.,0.,-1.));
#3830=DIRECTION('ref_axis',(0.,-1.,0.));
#3831=DIRECTION('',(-1.,0.,0.));
#3832=DIRECTION('',(0.,-1.,0.));
#3833=DIRECTION('',(-1.,0.,0.));
#3834=DIRECTION('center_axis',(0.,-1.,0.));
#3835=DIRECTION('ref_axis',(0.70710678118654,0.,-0.707106781186555));
#3836=DIRECTION('center_axis',(0.,1.,0.));
#3837=DIRECTION('ref_axis',(0.70710678118654,0.,-0.707106781186555));
#3838=DIRECTION('',(0.,1.,0.));
#3839=DIRECTION('center_axis',(0.,-1.,0.));
#3840=DIRECTION('ref_axis',(0.70710678118654,0.,-0.707106781186555));
#3841=DIRECTION('',(0.,-1.,0.));
#3842=DIRECTION('center_axis',(0.,0.,1.));
#3843=DIRECTION('ref_axis',(1.,0.,0.));
#3844=DIRECTION('',(-1.,0.,0.));
#3845=DIRECTION('',(0.,1.,0.));
#3846=DIRECTION('',(-1.,0.,0.));
#3847=DIRECTION('center_axis',(0.,-1.,0.));
#3848=DIRECTION('ref_axis',(-1.,0.,0.));
#3849=DIRECTION('',(0.,0.,1.));
#3850=DIRECTION('',(0.,0.,-1.));
#3851=DIRECTION('',(-1.,0.,0.));
#3852=DIRECTION('',(0.,0.,-1.));
#3853=DIRECTION('center_axis',(1.,0.,0.));
#3854=DIRECTION('ref_axis',(0.,0.,-1.));
#3855=DIRECTION('',(0.,0.,-1.));
#3856=DIRECTION('center_axis',(1.,0.,0.));
#3857=DIRECTION('ref_axis',(0.,-1.,0.));
#3858=DIRECTION('',(0.,0.,-1.));
#3859=DIRECTION('',(0.,-1.,0.));
#3860=DIRECTION('center_axis',(-1.,0.,0.));
#3861=DIRECTION('ref_axis',(0.,1.,0.));
#3862=DIRECTION('',(0.,1.,0.));
#3863=DIRECTION('',(0.,0.,-1.));
#3864=DIRECTION('center_axis',(0.,1.,0.));
#3865=DIRECTION('ref_axis',(1.,0.,0.));
#3866=DIRECTION('',(1.,0.,0.));
#3867=DIRECTION('center_axis',(0.,0.,1.));
#3868=DIRECTION('ref_axis',(1.,0.,0.));
#3869=DIRECTION('center_axis',(0.,-1.,0.));
#3870=DIRECTION('ref_axis',(0.707106781186548,0.,-0.707106781186548));
#3871=DIRECTION('center_axis',(0.,1.,0.));
#3872=DIRECTION('ref_axis',(0.707106781186548,0.,-0.707106781186548));
#3873=DIRECTION('',(0.,-1.,0.));
#3874=DIRECTION('center_axis',(0.,-1.,0.));
#3875=DIRECTION('ref_axis',(0.707106781186548,0.,-0.707106781186548));
#3876=DIRECTION('',(0.,1.,0.));
#3877=DIRECTION('center_axis',(0.,0.,-1.));
#3878=DIRECTION('ref_axis',(0.,-1.,0.));
#3879=DIRECTION('',(-1.,0.,0.));
#3880=DIRECTION('',(0.,-1.,0.));
#3881=DIRECTION('',(-1.,0.,0.));
#3882=DIRECTION('center_axis',(0.,-1.,0.));
#3883=DIRECTION('ref_axis',(0.70710678118654,0.,-0.707106781186555));
#3884=DIRECTION('center_axis',(0.,1.,0.));
#3885=DIRECTION('ref_axis',(0.70710678118654,0.,-0.707106781186555));
#3886=DIRECTION('',(0.,1.,0.));
#3887=DIRECTION('center_axis',(0.,-1.,0.));
#3888=DIRECTION('ref_axis',(0.70710678118654,0.,-0.707106781186555));
#3889=DIRECTION('',(0.,-1.,0.));
#3890=DIRECTION('center_axis',(0.,0.,1.));
#3891=DIRECTION('ref_axis',(1.,0.,0.));
#3892=DIRECTION('',(-1.,0.,0.));
#3893=DIRECTION('',(0.,1.,0.));
#3894=DIRECTION('',(-1.,0.,0.));
#3895=DIRECTION('center_axis',(0.,-1.,0.));
#3896=DIRECTION('ref_axis',(-1.,0.,0.));
#3897=DIRECTION('',(0.,0.,1.));
#3898=DIRECTION('',(0.,0.,-1.));
#3899=DIRECTION('',(-1.,0.,0.));
#3900=DIRECTION('',(0.,0.,-1.));
#3901=DIRECTION('center_axis',(1.,0.,0.));
#3902=DIRECTION('ref_axis',(0.,0.,-1.));
#3903=DIRECTION('',(0.,0.,-1.));
#3904=DIRECTION('center_axis',(1.,0.,0.));
#3905=DIRECTION('ref_axis',(0.,-1.,0.));
#3906=DIRECTION('',(0.,0.,-1.));
#3907=DIRECTION('',(0.,-1.,0.));
#3908=DIRECTION('center_axis',(-1.,0.,0.));
#3909=DIRECTION('ref_axis',(0.,1.,0.));
#3910=DIRECTION('',(0.,1.,0.));
#3911=DIRECTION('',(0.,0.,-1.));
#3912=DIRECTION('center_axis',(0.,1.,0.));
#3913=DIRECTION('ref_axis',(1.,0.,0.));
#3914=DIRECTION('',(1.,0.,0.));
#3915=DIRECTION('center_axis',(0.,0.,1.));
#3916=DIRECTION('ref_axis',(1.,0.,0.));
#3917=DIRECTION('center_axis',(0.,-1.,0.));
#3918=DIRECTION('ref_axis',(0.707106781186548,0.,-0.707106781186548));
#3919=DIRECTION('center_axis',(0.,1.,0.));
#3920=DIRECTION('ref_axis',(0.707106781186548,0.,-0.707106781186548));
#3921=DIRECTION('',(0.,-1.,0.));
#3922=DIRECTION('center_axis',(0.,-1.,0.));
#3923=DIRECTION('ref_axis',(0.707106781186548,0.,-0.707106781186548));
#3924=DIRECTION('',(0.,1.,0.));
#3925=DIRECTION('center_axis',(0.,0.,-1.));
#3926=DIRECTION('ref_axis',(0.,-1.,0.));
#3927=DIRECTION('',(-1.,0.,0.));
#3928=DIRECTION('',(0.,-1.,0.));
#3929=DIRECTION('',(-1.,0.,0.));
#3930=DIRECTION('center_axis',(0.,-1.,0.));
#3931=DIRECTION('ref_axis',(0.70710678118654,0.,-0.707106781186555));
#3932=DIRECTION('center_axis',(0.,1.,0.));
#3933=DIRECTION('ref_axis',(0.70710678118654,0.,-0.707106781186555));
#3934=DIRECTION('',(0.,1.,0.));
#3935=DIRECTION('center_axis',(0.,-1.,0.));
#3936=DIRECTION('ref_axis',(0.70710678118654,0.,-0.707106781186555));
#3937=DIRECTION('',(0.,-1.,0.));
#3938=DIRECTION('center_axis',(0.,0.,1.));
#3939=DIRECTION('ref_axis',(1.,0.,0.));
#3940=DIRECTION('',(-1.,0.,0.));
#3941=DIRECTION('',(0.,1.,0.));
#3942=DIRECTION('',(-1.,0.,0.));
#3943=DIRECTION('center_axis',(0.,-1.,0.));
#3944=DIRECTION('ref_axis',(-1.,0.,0.));
#3945=DIRECTION('',(0.,0.,1.));
#3946=DIRECTION('',(0.,0.,-1.));
#3947=DIRECTION('',(-1.,0.,0.));
#3948=DIRECTION('',(0.,0.,-1.));
#3949=DIRECTION('center_axis',(1.,0.,0.));
#3950=DIRECTION('ref_axis',(0.,0.,-1.));
#3951=DIRECTION('',(0.,0.,-1.));
#3952=DIRECTION('center_axis',(1.,0.,0.));
#3953=DIRECTION('ref_axis',(0.,-1.,0.));
#3954=DIRECTION('',(0.,0.,-1.));
#3955=DIRECTION('',(0.,-1.,0.));
#3956=DIRECTION('center_axis',(-1.,0.,0.));
#3957=DIRECTION('ref_axis',(0.,1.,0.));
#3958=DIRECTION('',(0.,1.,0.));
#3959=DIRECTION('',(0.,0.,-1.));
#3960=DIRECTION('center_axis',(0.,1.,0.));
#3961=DIRECTION('ref_axis',(1.,0.,0.));
#3962=DIRECTION('',(1.,0.,0.));
#3963=DIRECTION('center_axis',(0.,0.,1.));
#3964=DIRECTION('ref_axis',(1.,0.,0.));
#3965=DIRECTION('center_axis',(0.,-1.,0.));
#3966=DIRECTION('ref_axis',(0.707106781186548,0.,-0.707106781186548));
#3967=DIRECTION('center_axis',(0.,1.,0.));
#3968=DIRECTION('ref_axis',(0.707106781186548,0.,-0.707106781186548));
#3969=DIRECTION('',(0.,-1.,0.));
#3970=DIRECTION('center_axis',(0.,-1.,0.));
#3971=DIRECTION('ref_axis',(0.707106781186548,0.,-0.707106781186548));
#3972=DIRECTION('',(0.,1.,0.));
#3973=DIRECTION('center_axis',(0.,0.,-1.));
#3974=DIRECTION('ref_axis',(0.,-1.,0.));
#3975=DIRECTION('',(-1.,0.,0.));
#3976=DIRECTION('',(0.,-1.,0.));
#3977=DIRECTION('',(-1.,0.,0.));
#3978=DIRECTION('center_axis',(0.,-1.,0.));
#3979=DIRECTION('ref_axis',(0.70710678118654,0.,-0.707106781186555));
#3980=DIRECTION('center_axis',(0.,1.,0.));
#3981=DIRECTION('ref_axis',(0.70710678118654,0.,-0.707106781186555));
#3982=DIRECTION('',(0.,1.,0.));
#3983=DIRECTION('center_axis',(0.,-1.,0.));
#3984=DIRECTION('ref_axis',(0.70710678118654,0.,-0.707106781186555));
#3985=DIRECTION('',(0.,-1.,0.));
#3986=DIRECTION('center_axis',(0.,0.,1.));
#3987=DIRECTION('ref_axis',(1.,0.,0.));
#3988=DIRECTION('',(-1.,0.,0.));
#3989=DIRECTION('',(0.,1.,0.));
#3990=DIRECTION('',(-1.,0.,0.));
#3991=DIRECTION('center_axis',(0.,-1.,0.));
#3992=DIRECTION('ref_axis',(-1.,0.,0.));
#3993=DIRECTION('',(0.,0.,1.));
#3994=DIRECTION('',(0.,0.,-1.));
#3995=DIRECTION('',(-1.,0.,0.));
#3996=DIRECTION('',(0.,0.,-1.));
#3997=DIRECTION('center_axis',(1.,0.,0.));
#3998=DIRECTION('ref_axis',(0.,0.,-1.));
#3999=DIRECTION('',(0.,0.,-1.));
#4000=DIRECTION('center_axis',(1.,0.,0.));
#4001=DIRECTION('ref_axis',(0.,-1.,0.));
#4002=DIRECTION('',(0.,0.,-1.));
#4003=DIRECTION('',(0.,-1.,0.));
#4004=DIRECTION('center_axis',(-1.,0.,0.));
#4005=DIRECTION('ref_axis',(0.,1.,0.));
#4006=DIRECTION('',(0.,1.,0.));
#4007=DIRECTION('',(0.,0.,-1.));
#4008=DIRECTION('center_axis',(0.,1.,0.));
#4009=DIRECTION('ref_axis',(1.,0.,0.));
#4010=DIRECTION('',(1.,0.,0.));
#4011=DIRECTION('center_axis',(0.,0.,1.));
#4012=DIRECTION('ref_axis',(1.,0.,0.));
#4013=CARTESIAN_POINT('',(0.,0.,0.));
#4014=CARTESIAN_POINT('Origin',(5.,11.4770923052457,4.00423640012452));
#4015=CARTESIAN_POINT('',(4.,11.4770923052457,3.00921717321998));
#4016=CARTESIAN_POINT('',(5.,11.4770923052457,3.00921717321998));
#4017=CARTESIAN_POINT('',(5.,11.4770923052457,3.00921717321998));
#4018=CARTESIAN_POINT('',(4.,11.4770923052457,4.99925562702907));
#4019=CARTESIAN_POINT('Origin',(4.,11.4770923052457,4.00423640012452));
#4020=CARTESIAN_POINT('',(5.,11.4770923052457,4.99925562702907));
#4021=CARTESIAN_POINT('',(5.,11.4770923052457,4.99925562702907));
#4022=CARTESIAN_POINT('Origin',(5.,11.4770923052457,4.00423640012452));
#4023=CARTESIAN_POINT('Origin',(4.,11.4770923052457,4.00423640012452));
#4024=CARTESIAN_POINT('',(4.,11.4770923052457,2.12923640012452));
#4025=CARTESIAN_POINT('Origin',(5.,0.477092305245659,4.00423640012452));
#4026=CARTESIAN_POINT('',(5.,11.4770923052457,7.75423640012452));
#4027=CARTESIAN_POINT('',(5.,11.4770923052457,0.254236400124523));
#4028=CARTESIAN_POINT('',(5.,-10.5229076947543,7.75423640012452));
#4029=CARTESIAN_POINT('',(5.,11.4770923052457,7.75423640012452));
#4030=CARTESIAN_POINT('',(5.,-10.5229076947543,0.254236400124523));
#4031=CARTESIAN_POINT('',(5.,-10.5229076947543,7.75423640012452));
#4032=CARTESIAN_POINT('',(5.,11.4770923052457,0.254236400124523));
#4033=CARTESIAN_POINT('',(5.,-10.5229076947543,0.254236400124523));
#4034=CARTESIAN_POINT('',(5.,11.4770923052457,0.254236400124523));
#4035=CARTESIAN_POINT('Origin',(0.,11.4770923052457,7.75423640012452));
#4036=CARTESIAN_POINT('',(0.,11.4770923052457,7.75423640012452));
#4037=CARTESIAN_POINT('',(0.,-10.5229076947543,7.75423640012452));
#4038=CARTESIAN_POINT('',(0.,11.4770923052457,7.75423640012452));
#4039=CARTESIAN_POINT('',(0.,-10.5229076947543,7.75423640012452));
#4040=CARTESIAN_POINT('',(0.,11.4770923052457,7.75423640012452));
#4041=CARTESIAN_POINT('Origin',(0.,11.4770923052457,0.254236400124523));
#4042=CARTESIAN_POINT('',(0.,11.4770923052457,0.254236400124523));
#4043=CARTESIAN_POINT('',(0.,11.4770923052457,0.254236400124523));
#4044=CARTESIAN_POINT('',(0.,11.4770923052457,0.254236400124523));
#4045=CARTESIAN_POINT('Origin',(0.,-10.5229076947543,0.254236400124523));
#4046=CARTESIAN_POINT('',(0.,-10.5229076947543,0.254236400124523));
#4047=CARTESIAN_POINT('',(0.,-10.5229076947543,0.254236400124523));
#4048=CARTESIAN_POINT('',(0.,-10.5229076947543,0.254236400124523));
#4049=CARTESIAN_POINT('Origin',(0.,-10.5229076947543,7.75423640012452));
#4050=CARTESIAN_POINT('',(0.,-10.5229076947543,7.75423640012452));
#4051=CARTESIAN_POINT('Origin',(0.,0.477092305245659,4.00423640012452));
#4052=CARTESIAN_POINT('Origin',(2.3,4.54060714505298,8.65423640012452));
#4053=CARTESIAN_POINT('',(2.4,3.94060714505298,8.65423640012452));
#4054=CARTESIAN_POINT('',(2.3,3.94060714505298,8.75423640012452));
#4055=CARTESIAN_POINT('Origin',(2.3,3.94060714505298,8.65423640012452));
#4056=CARTESIAN_POINT('',(2.3,4.54060714505298,8.75423640012452));
#4057=CARTESIAN_POINT('',(2.3,4.54060714505298,8.75423640012452));
#4058=CARTESIAN_POINT('',(2.4,4.54060714505298,8.65423640012452));
#4059=CARTESIAN_POINT('Origin',(2.3,4.54060714505298,8.65423640012452));
#4060=CARTESIAN_POINT('',(2.4,4.54060714505298,8.65423640012452));
#4061=CARTESIAN_POINT('Origin',(2.4,4.54060714505298,8.75423640012452));
#4062=CARTESIAN_POINT('',(-7.6,3.94060714505298,8.75423640012452));
#4063=CARTESIAN_POINT('',(2.4,3.94060714505298,8.75423640012452));
#4064=CARTESIAN_POINT('',(-7.6,4.54060714505298,8.75423640012452));
#4065=CARTESIAN_POINT('',(-7.6,4.54060714505298,8.75423640012452));
#4066=CARTESIAN_POINT('',(2.4,4.54060714505298,8.75423640012452));
#4067=CARTESIAN_POINT('Origin',(2.5,4.09060714505298,8.85423640012452));
#4068=CARTESIAN_POINT('',(2.6,4.54060714505298,8.85423640012452));
#4069=CARTESIAN_POINT('',(2.5,4.54060714505298,8.95423640012452));
#4070=CARTESIAN_POINT('Origin',(2.5,4.54060714505298,8.85423640012452));
#4071=CARTESIAN_POINT('',(2.5,3.94060714505298,8.95423640012452));
#4072=CARTESIAN_POINT('',(2.5,4.09060714505298,8.95423640012452));
#4073=CARTESIAN_POINT('',(2.6,3.94060714505298,8.85423640012452));
#4074=CARTESIAN_POINT('Origin',(2.5,3.94060714505298,8.85423640012452));
#4075=CARTESIAN_POINT('',(2.6,4.09060714505298,8.85423640012452));
#4076=CARTESIAN_POINT('Origin',(2.5,4.24060714505298,8.95423640012452));
#4077=CARTESIAN_POINT('',(-7.6,4.54060714505298,8.95423640012452));
#4078=CARTESIAN_POINT('',(2.6,4.54060714505298,8.95423640012452));
#4079=CARTESIAN_POINT('',(-7.6,3.94060714505298,8.95423640012452));
#4080=CARTESIAN_POINT('',(-7.6,3.94060714505298,8.95423640012452));
#4081=CARTESIAN_POINT('',(2.4,3.94060714505298,8.95423640012452));
#4082=CARTESIAN_POINT('Origin',(2.6,4.54060714505298,7.75423640012452));
#4083=CARTESIAN_POINT('',(2.6,4.54060714505298,7.75423640012452));
#4084=CARTESIAN_POINT('',(2.6,4.54060714505298,7.75423640012452));
#4085=CARTESIAN_POINT('',(2.4,4.54060714505298,7.75423640012452));
#4086=CARTESIAN_POINT('',(2.6,4.54060714505298,7.75423640012452));
#4087=CARTESIAN_POINT('',(2.4,4.54060714505298,7.75423640012452));
#4088=CARTESIAN_POINT('',(-7.6,4.54060714505298,8.95423640012452));
#4089=CARTESIAN_POINT('Origin',(-7.6,4.24060714505298,8.85423640012452));
#4090=CARTESIAN_POINT('',(-7.6,3.94060714505298,7.75423640012452));
#4091=CARTESIAN_POINT('Origin',(2.4,4.54060714505298,7.75423640012452));
#4092=CARTESIAN_POINT('',(2.4,3.94060714505298,7.75423640012452));
#4093=CARTESIAN_POINT('',(2.4,4.54060714505298,7.75423640012452));
#4094=CARTESIAN_POINT('',(2.4,3.94060714505298,7.75423640012452));
#4095=CARTESIAN_POINT('Origin',(2.6,3.94060714505298,7.75423640012452));
#4096=CARTESIAN_POINT('',(2.6,3.94060714505298,7.75423640012452));
#4097=CARTESIAN_POINT('',(2.6,3.94060714505298,7.75423640012452));
#4098=CARTESIAN_POINT('',(2.6,3.94060714505298,7.75423640012452));
#4099=CARTESIAN_POINT('Origin',(2.4,3.94060714505298,7.75423640012452));
#4100=CARTESIAN_POINT('',(2.4,3.94060714505298,7.75423640012452));
#4101=CARTESIAN_POINT('Origin',(2.5,4.24060714505298,7.75423640012452));
#4102=CARTESIAN_POINT('Origin',(2.3,-5.46171437598053,8.65423640012452));
#4103=CARTESIAN_POINT('',(2.4,-6.06171437598053,8.65423640012452));
#4104=CARTESIAN_POINT('',(2.3,-6.06171437598053,8.75423640012452));
#4105=CARTESIAN_POINT('Origin',(2.3,-6.06171437598053,8.65423640012452));
#4106=CARTESIAN_POINT('',(2.3,-5.46171437598053,8.75423640012452));
#4107=CARTESIAN_POINT('',(2.3,-5.46171437598053,8.75423640012452));
#4108=CARTESIAN_POINT('',(2.4,-5.46171437598053,8.65423640012452));
#4109=CARTESIAN_POINT('Origin',(2.3,-5.46171437598053,8.65423640012452));
#4110=CARTESIAN_POINT('',(2.4,-5.46171437598053,8.65423640012452));
#4111=CARTESIAN_POINT('Origin',(2.4,-5.46171437598053,8.75423640012452));
#4112=CARTESIAN_POINT('',(-7.6,-6.06171437598053,8.75423640012452));
#4113=CARTESIAN_POINT('',(2.4,-6.06171437598053,8.75423640012452));
#4114=CARTESIAN_POINT('',(-7.6,-5.46171437598053,8.75423640012452));
#4115=CARTESIAN_POINT('',(-7.6,-5.46171437598053,8.75423640012452));
#4116=CARTESIAN_POINT('',(2.4,-5.46171437598053,8.75423640012452));
#4117=CARTESIAN_POINT('Origin',(2.5,-5.91171437598053,8.85423640012452));
#4118=CARTESIAN_POINT('',(2.6,-5.46171437598053,8.85423640012452));
#4119=CARTESIAN_POINT('',(2.5,-5.46171437598053,8.95423640012452));
#4120=CARTESIAN_POINT('Origin',(2.5,-5.46171437598053,8.85423640012452));
#4121=CARTESIAN_POINT('',(2.5,-6.06171437598053,8.95423640012452));
#4122=CARTESIAN_POINT('',(2.5,-5.91171437598053,8.95423640012452));
#4123=CARTESIAN_POINT('',(2.6,-6.06171437598053,8.85423640012452));
#4124=CARTESIAN_POINT('Origin',(2.5,-6.06171437598053,8.85423640012452));
#4125=CARTESIAN_POINT('',(2.6,-5.91171437598053,8.85423640012452));
#4126=CARTESIAN_POINT('Origin',(2.5,-5.76171437598053,8.95423640012452));
#4127=CARTESIAN_POINT('',(-7.6,-5.46171437598053,8.95423640012452));
#4128=CARTESIAN_POINT('',(2.6,-5.46171437598053,8.95423640012452));
#4129=CARTESIAN_POINT('',(-7.6,-6.06171437598053,8.95423640012452));
#4130=CARTESIAN_POINT('',(-7.6,-6.06171437598053,8.95423640012452));
#4131=CARTESIAN_POINT('',(2.4,-6.06171437598053,8.95423640012452));
#4132=CARTESIAN_POINT('Origin',(2.6,-5.46171437598053,7.75423640012452));
#4133=CARTESIAN_POINT('',(2.6,-5.46171437598053,7.75423640012452));
#4134=CARTESIAN_POINT('',(2.6,-5.46171437598053,7.75423640012452));
#4135=CARTESIAN_POINT('',(2.4,-5.46171437598053,7.75423640012452));
#4136=CARTESIAN_POINT('',(2.6,-5.46171437598053,7.75423640012452));
#4137=CARTESIAN_POINT('',(2.4,-5.46171437598053,7.75423640012452));
#4138=CARTESIAN_POINT('',(-7.6,-5.46171437598053,8.95423640012452));
#4139=CARTESIAN_POINT('Origin',(-7.6,-5.76171437598053,8.85423640012452));
#4140=CARTESIAN_POINT('',(-7.6,-6.06171437598053,7.75423640012452));
#4141=CARTESIAN_POINT('Origin',(2.4,-5.46171437598053,7.75423640012452));
#4142=CARTESIAN_POINT('',(2.4,-6.06171437598053,7.75423640012452));
#4143=CARTESIAN_POINT('',(2.4,-5.46171437598053,7.75423640012452));
#4144=CARTESIAN_POINT('',(2.4,-6.06171437598053,7.75423640012452));
#4145=CARTESIAN_POINT('Origin',(2.6,-6.06171437598053,7.75423640012452));
#4146=CARTESIAN_POINT('',(2.6,-6.06171437598053,7.75423640012452));
#4147=CARTESIAN_POINT('',(2.6,-6.06171437598053,7.75423640012452));
#4148=CARTESIAN_POINT('',(2.6,-6.06171437598053,7.75423640012452));
#4149=CARTESIAN_POINT('Origin',(2.4,-6.06171437598053,7.75423640012452));
#4150=CARTESIAN_POINT('',(2.4,-6.06171437598053,7.75423640012452));
#4151=CARTESIAN_POINT('Origin',(2.5,-5.76171437598053,7.75423640012452));
#4152=CARTESIAN_POINT('Origin',(2.3,-2.96767289196727,8.65423640012452));
#4153=CARTESIAN_POINT('',(2.4,-3.56767289196727,8.65423640012452));
#4154=CARTESIAN_POINT('',(2.3,-3.56767289196727,8.75423640012452));
#4155=CARTESIAN_POINT('Origin',(2.3,-3.56767289196727,8.65423640012452));
#4156=CARTESIAN_POINT('',(2.3,-2.96767289196727,8.75423640012452));
#4157=CARTESIAN_POINT('',(2.3,-2.96767289196727,8.75423640012452));
#4158=CARTESIAN_POINT('',(2.4,-2.96767289196727,8.65423640012452));
#4159=CARTESIAN_POINT('Origin',(2.3,-2.96767289196727,8.65423640012452));
#4160=CARTESIAN_POINT('',(2.4,-2.96767289196727,8.65423640012452));
#4161=CARTESIAN_POINT('Origin',(2.4,-2.96767289196727,8.75423640012452));
#4162=CARTESIAN_POINT('',(-7.6,-3.56767289196727,8.75423640012452));
#4163=CARTESIAN_POINT('',(2.4,-3.56767289196727,8.75423640012452));
#4164=CARTESIAN_POINT('',(-7.6,-2.96767289196727,8.75423640012452));
#4165=CARTESIAN_POINT('',(-7.6,-2.96767289196727,8.75423640012452));
#4166=CARTESIAN_POINT('',(2.4,-2.96767289196727,8.75423640012452));
#4167=CARTESIAN_POINT('Origin',(2.5,-3.41767289196727,8.85423640012452));
#4168=CARTESIAN_POINT('',(2.6,-2.96767289196727,8.85423640012452));
#4169=CARTESIAN_POINT('',(2.5,-2.96767289196727,8.95423640012452));
#4170=CARTESIAN_POINT('Origin',(2.5,-2.96767289196727,8.85423640012452));
#4171=CARTESIAN_POINT('',(2.5,-3.56767289196727,8.95423640012452));
#4172=CARTESIAN_POINT('',(2.5,-3.41767289196727,8.95423640012452));
#4173=CARTESIAN_POINT('',(2.6,-3.56767289196727,8.85423640012452));
#4174=CARTESIAN_POINT('Origin',(2.5,-3.56767289196727,8.85423640012452));
#4175=CARTESIAN_POINT('',(2.6,-3.41767289196727,8.85423640012452));
#4176=CARTESIAN_POINT('Origin',(2.5,-3.26767289196727,8.95423640012452));
#4177=CARTESIAN_POINT('',(-7.6,-2.96767289196727,8.95423640012452));
#4178=CARTESIAN_POINT('',(2.6,-2.96767289196727,8.95423640012452));
#4179=CARTESIAN_POINT('',(-7.6,-3.56767289196727,8.95423640012452));
#4180=CARTESIAN_POINT('',(-7.6,-3.56767289196727,8.95423640012452));
#4181=CARTESIAN_POINT('',(2.4,-3.56767289196727,8.95423640012452));
#4182=CARTESIAN_POINT('Origin',(2.6,-2.96767289196727,7.75423640012452));
#4183=CARTESIAN_POINT('',(2.6,-2.96767289196727,7.75423640012452));
#4184=CARTESIAN_POINT('',(2.6,-2.96767289196727,7.75423640012452));
#4185=CARTESIAN_POINT('',(2.4,-2.96767289196727,7.75423640012452));
#4186=CARTESIAN_POINT('',(2.6,-2.96767289196727,7.75423640012452));
#4187=CARTESIAN_POINT('',(2.4,-2.96767289196727,7.75423640012452));
#4188=CARTESIAN_POINT('',(-7.6,-2.96767289196727,8.95423640012452));
#4189=CARTESIAN_POINT('Origin',(-7.6,-3.26767289196727,8.85423640012452));
#4190=CARTESIAN_POINT('',(-7.6,-3.56767289196727,7.75423640012452));
#4191=CARTESIAN_POINT('Origin',(2.4,-2.96767289196727,7.75423640012452));
#4192=CARTESIAN_POINT('',(2.4,-3.56767289196727,7.75423640012452));
#4193=CARTESIAN_POINT('',(2.4,-2.96767289196727,7.75423640012452));
#4194=CARTESIAN_POINT('',(2.4,-3.56767289196727,7.75423640012452));
#4195=CARTESIAN_POINT('Origin',(2.6,-3.56767289196727,7.75423640012452));
#4196=CARTESIAN_POINT('',(2.6,-3.56767289196727,7.75423640012452));
#4197=CARTESIAN_POINT('',(2.6,-3.56767289196727,7.75423640012452));
#4198=CARTESIAN_POINT('',(2.6,-3.56767289196727,7.75423640012452));
#4199=CARTESIAN_POINT('Origin',(2.4,-3.56767289196727,7.75423640012452));
#4200=CARTESIAN_POINT('',(2.4,-3.56767289196727,7.75423640012452));
#4201=CARTESIAN_POINT('Origin',(2.5,-3.26767289196727,7.75423640012452));
#4202=CARTESIAN_POINT('Origin',(2.3,7.04457539774566,8.65423640012452));
#4203=CARTESIAN_POINT('',(2.4,6.44457539774566,8.65423640012452));
#4204=CARTESIAN_POINT('',(2.3,6.44457539774566,8.75423640012452));
#4205=CARTESIAN_POINT('Origin',(2.3,6.44457539774566,8.65423640012452));
#4206=CARTESIAN_POINT('',(2.3,7.04457539774566,8.75423640012452));
#4207=CARTESIAN_POINT('',(2.3,7.04457539774566,8.75423640012452));
#4208=CARTESIAN_POINT('',(2.4,7.04457539774566,8.65423640012452));
#4209=CARTESIAN_POINT('Origin',(2.3,7.04457539774566,8.65423640012452));
#4210=CARTESIAN_POINT('',(2.4,7.04457539774566,8.65423640012452));
#4211=CARTESIAN_POINT('Origin',(2.4,7.04457539774566,8.75423640012452));
#4212=CARTESIAN_POINT('',(-7.6,6.44457539774566,8.75423640012452));
#4213=CARTESIAN_POINT('',(2.4,6.44457539774566,8.75423640012452));
#4214=CARTESIAN_POINT('',(-7.6,7.04457539774566,8.75423640012452));
#4215=CARTESIAN_POINT('',(-7.6,7.04457539774566,8.75423640012452));
#4216=CARTESIAN_POINT('',(2.4,7.04457539774566,8.75423640012452));
#4217=CARTESIAN_POINT('Origin',(2.5,6.59457539774566,8.85423640012452));
#4218=CARTESIAN_POINT('',(2.6,7.04457539774566,8.85423640012452));
#4219=CARTESIAN_POINT('',(2.5,7.04457539774566,8.95423640012452));
#4220=CARTESIAN_POINT('Origin',(2.5,7.04457539774566,8.85423640012452));
#4221=CARTESIAN_POINT('',(2.5,6.44457539774566,8.95423640012452));
#4222=CARTESIAN_POINT('',(2.5,6.59457539774566,8.95423640012452));
#4223=CARTESIAN_POINT('',(2.6,6.44457539774566,8.85423640012452));
#4224=CARTESIAN_POINT('Origin',(2.5,6.44457539774566,8.85423640012452));
#4225=CARTESIAN_POINT('',(2.6,6.59457539774566,8.85423640012452));
#4226=CARTESIAN_POINT('Origin',(2.5,6.74457539774566,8.95423640012452));
#4227=CARTESIAN_POINT('',(-7.6,7.04457539774566,8.95423640012452));
#4228=CARTESIAN_POINT('',(2.6,7.04457539774566,8.95423640012452));
#4229=CARTESIAN_POINT('',(-7.6,6.44457539774566,8.95423640012452));
#4230=CARTESIAN_POINT('',(-7.6,6.44457539774566,8.95423640012452));
#4231=CARTESIAN_POINT('',(2.4,6.44457539774566,8.95423640012452));
#4232=CARTESIAN_POINT('Origin',(2.6,7.04457539774566,7.75423640012452));
#4233=CARTESIAN_POINT('',(2.6,7.04457539774566,7.75423640012452));
#4234=CARTESIAN_POINT('',(2.6,7.04457539774566,7.75423640012452));
#4235=CARTESIAN_POINT('',(2.4,7.04457539774566,7.75423640012452));
#4236=CARTESIAN_POINT('',(2.6,7.04457539774566,7.75423640012452));
#4237=CARTESIAN_POINT('',(2.4,7.04457539774566,7.75423640012452));
#4238=CARTESIAN_POINT('',(-7.6,7.04457539774566,8.95423640012452));
#4239=CARTESIAN_POINT('Origin',(-7.6,6.74457539774566,8.85423640012452));
#4240=CARTESIAN_POINT('',(-7.6,6.44457539774566,8.75423640012452));
#4241=CARTESIAN_POINT('Origin',(2.4,6.44457539774566,7.75423640012452));
#4242=CARTESIAN_POINT('',(2.4,6.44457539774566,7.75423640012452));
#4243=CARTESIAN_POINT('',(2.4,6.44457539774566,7.75423640012452));
#4244=CARTESIAN_POINT('',(2.6,6.44457539774566,7.75423640012452));
#4245=CARTESIAN_POINT('',(2.4,6.44457539774566,7.75423640012452));
#4246=CARTESIAN_POINT('',(2.6,6.44457539774566,7.75423640012452));
#4247=CARTESIAN_POINT('Origin',(2.4,7.04457539774566,7.75423640012452));
#4248=CARTESIAN_POINT('',(2.4,7.04457539774566,7.75423640012452));
#4249=CARTESIAN_POINT('Origin',(2.6,6.44457539774566,7.75423640012452));
#4250=CARTESIAN_POINT('',(2.6,6.44457539774566,7.75423640012452));
#4251=CARTESIAN_POINT('Origin',(2.5,6.74457539774566,7.75423640012452));
#4252=CARTESIAN_POINT('Origin',(2.3,2.04053134178302,8.65423640012452));
#4253=CARTESIAN_POINT('',(2.4,1.44053134178302,8.65423640012452));
#4254=CARTESIAN_POINT('',(2.3,1.44053134178302,8.75423640012452));
#4255=CARTESIAN_POINT('Origin',(2.3,1.44053134178302,8.65423640012452));
#4256=CARTESIAN_POINT('',(2.3,2.04053134178302,8.75423640012452));
#4257=CARTESIAN_POINT('',(2.3,2.04053134178302,8.75423640012452));
#4258=CARTESIAN_POINT('',(2.4,2.04053134178302,8.65423640012452));
#4259=CARTESIAN_POINT('Origin',(2.3,2.04053134178302,8.65423640012452));
#4260=CARTESIAN_POINT('',(2.4,2.04053134178302,8.65423640012452));
#4261=CARTESIAN_POINT('Origin',(2.4,2.04053134178302,8.75423640012452));
#4262=CARTESIAN_POINT('',(-7.6,1.44053134178302,8.75423640012452));
#4263=CARTESIAN_POINT('',(2.4,1.44053134178302,8.75423640012452));
#4264=CARTESIAN_POINT('',(-7.6,2.04053134178302,8.75423640012452));
#4265=CARTESIAN_POINT('',(-7.6,2.04053134178302,8.75423640012452));
#4266=CARTESIAN_POINT('',(2.4,2.04053134178302,8.75423640012452));
#4267=CARTESIAN_POINT('Origin',(2.5,1.59053134178302,8.85423640012452));
#4268=CARTESIAN_POINT('',(2.6,2.04053134178302,8.85423640012452));
#4269=CARTESIAN_POINT('',(2.5,2.04053134178302,8.95423640012452));
#4270=CARTESIAN_POINT('Origin',(2.5,2.04053134178302,8.85423640012452));
#4271=CARTESIAN_POINT('',(2.5,1.44053134178302,8.95423640012452));
#4272=CARTESIAN_POINT('',(2.5,1.59053134178302,8.95423640012452));
#4273=CARTESIAN_POINT('',(2.6,1.44053134178302,8.85423640012452));
#4274=CARTESIAN_POINT('Origin',(2.5,1.44053134178302,8.85423640012452));
#4275=CARTESIAN_POINT('',(2.6,1.59053134178302,8.85423640012452));
#4276=CARTESIAN_POINT('Origin',(2.5,1.74053134178302,8.95423640012452));
#4277=CARTESIAN_POINT('',(-7.6,2.04053134178302,8.95423640012452));
#4278=CARTESIAN_POINT('',(2.6,2.04053134178302,8.95423640012452));
#4279=CARTESIAN_POINT('',(-7.6,1.44053134178302,8.95423640012452));
#4280=CARTESIAN_POINT('',(-7.6,1.44053134178302,8.95423640012452));
#4281=CARTESIAN_POINT('',(2.4,1.44053134178302,8.95423640012452));
#4282=CARTESIAN_POINT('Origin',(2.6,2.04053134178302,7.75423640012452));
#4283=CARTESIAN_POINT('',(2.6,2.04053134178302,7.75423640012452));
#4284=CARTESIAN_POINT('',(2.6,2.04053134178302,7.75423640012452));
#4285=CARTESIAN_POINT('',(2.4,2.04053134178302,7.75423640012452));
#4286=CARTESIAN_POINT('',(2.6,2.04053134178302,7.75423640012452));
#4287=CARTESIAN_POINT('',(2.4,2.04053134178302,7.75423640012452));
#4288=CARTESIAN_POINT('',(-7.6,2.04053134178302,8.95423640012452));
#4289=CARTESIAN_POINT('Origin',(-7.6,1.74053134178302,8.85423640012452));
#4290=CARTESIAN_POINT('',(-7.6,1.44053134178302,8.75423640012452));
#4291=CARTESIAN_POINT('Origin',(2.4,2.04053134178302,7.75423640012452));
#4292=CARTESIAN_POINT('',(2.4,1.44053134178302,7.75423640012452));
#4293=CARTESIAN_POINT('',(2.4,2.04053134178302,7.75423640012452));
#4294=CARTESIAN_POINT('',(2.4,1.44053134178302,7.75423640012452));
#4295=CARTESIAN_POINT('Origin',(2.6,1.44053134178302,7.75423640012452));
#4296=CARTESIAN_POINT('',(2.6,1.44053134178302,7.75423640012452));
#4297=CARTESIAN_POINT('',(2.6,1.44053134178302,7.75423640012452));
#4298=CARTESIAN_POINT('',(2.6,1.44053134178302,7.75423640012452));
#4299=CARTESIAN_POINT('Origin',(2.4,1.44053134178302,7.75423640012452));
#4300=CARTESIAN_POINT('',(2.4,1.44053134178302,7.75423640012452));
#4301=CARTESIAN_POINT('Origin',(2.5,1.74053134178302,7.75423640012452));
#4302=CARTESIAN_POINT('Origin',(2.3,-7.96810260001365,8.65423640012452));
#4303=CARTESIAN_POINT('',(2.4,-8.56810260001365,8.65423640012452));
#4304=CARTESIAN_POINT('',(2.3,-8.56810260001365,8.75423640012452));
#4305=CARTESIAN_POINT('Origin',(2.3,-8.56810260001365,8.65423640012452));
#4306=CARTESIAN_POINT('',(2.3,-7.96810260001365,8.75423640012452));
#4307=CARTESIAN_POINT('',(2.3,-7.96810260001365,8.75423640012452));
#4308=CARTESIAN_POINT('',(2.4,-7.96810260001365,8.65423640012452));
#4309=CARTESIAN_POINT('Origin',(2.3,-7.96810260001365,8.65423640012452));
#4310=CARTESIAN_POINT('',(2.4,-7.96810260001365,8.65423640012452));
#4311=CARTESIAN_POINT('Origin',(2.4,-7.96810260001365,8.75423640012452));
#4312=CARTESIAN_POINT('',(-7.6,-8.56810260001365,8.75423640012452));
#4313=CARTESIAN_POINT('',(2.4,-8.56810260001365,8.75423640012452));
#4314=CARTESIAN_POINT('',(-7.6,-7.96810260001365,8.75423640012452));
#4315=CARTESIAN_POINT('',(-7.6,-7.96810260001365,8.75423640012452));
#4316=CARTESIAN_POINT('',(2.4,-7.96810260001365,8.75423640012452));
#4317=CARTESIAN_POINT('Origin',(2.5,-8.41810260001365,8.85423640012452));
#4318=CARTESIAN_POINT('',(2.6,-7.96810260001365,8.85423640012452));
#4319=CARTESIAN_POINT('',(2.5,-7.96810260001365,8.95423640012452));
#4320=CARTESIAN_POINT('Origin',(2.5,-7.96810260001365,8.85423640012452));
#4321=CARTESIAN_POINT('',(2.5,-8.56810260001365,8.95423640012452));
#4322=CARTESIAN_POINT('',(2.5,-8.41810260001365,8.95423640012452));
#4323=CARTESIAN_POINT('',(2.6,-8.56810260001365,8.85423640012452));
#4324=CARTESIAN_POINT('Origin',(2.5,-8.56810260001365,8.85423640012452));
#4325=CARTESIAN_POINT('',(2.6,-8.41810260001365,8.85423640012452));
#4326=CARTESIAN_POINT('Origin',(2.5,-8.26810260001365,8.95423640012452));
#4327=CARTESIAN_POINT('',(-7.6,-7.96810260001365,8.95423640012452));
#4328=CARTESIAN_POINT('',(2.6,-7.96810260001365,8.95423640012452));
#4329=CARTESIAN_POINT('',(-7.6,-8.56810260001365,8.95423640012452));
#4330=CARTESIAN_POINT('',(-7.6,-8.56810260001365,8.95423640012452));
#4331=CARTESIAN_POINT('',(2.4,-8.56810260001365,8.95423640012452));
#4332=CARTESIAN_POINT('Origin',(2.6,-7.96810260001365,7.75423640012452));
#4333=CARTESIAN_POINT('',(2.6,-7.96810260001365,7.75423640012452));
#4334=CARTESIAN_POINT('',(2.6,-7.96810260001365,7.75423640012452));
#4335=CARTESIAN_POINT('',(2.4,-7.96810260001365,7.75423640012452));
#4336=CARTESIAN_POINT('',(2.6,-7.96810260001365,7.75423640012452));
#4337=CARTESIAN_POINT('',(2.4,-7.96810260001365,7.75423640012452));
#4338=CARTESIAN_POINT('',(-7.6,-7.96810260001365,8.95423640012452));
#4339=CARTESIAN_POINT('Origin',(-7.6,-8.26810260001365,8.85423640012452));
#4340=CARTESIAN_POINT('',(-7.6,-8.56810260001365,8.75423640012452));
#4341=CARTESIAN_POINT('Origin',(2.4,-7.96810260001365,7.75423640012452));
#4342=CARTESIAN_POINT('',(2.4,-8.56810260001365,7.75423640012452));
#4343=CARTESIAN_POINT('',(2.4,-7.96810260001365,7.75423640012452));
#4344=CARTESIAN_POINT('',(2.4,-8.56810260001365,7.75423640012452));
#4345=CARTESIAN_POINT('Origin',(2.6,-8.56810260001365,7.75423640012452));
#4346=CARTESIAN_POINT('',(2.6,-8.56810260001365,7.75423640012452));
#4347=CARTESIAN_POINT('',(2.6,-8.56810260001365,7.75423640012452));
#4348=CARTESIAN_POINT('',(2.6,-8.56810260001365,7.75423640012452));
#4349=CARTESIAN_POINT('Origin',(2.4,-8.56810260001365,7.75423640012452));
#4350=CARTESIAN_POINT('',(2.4,-8.56810260001365,7.75423640012452));
#4351=CARTESIAN_POINT('Origin',(2.5,-8.26810260001365,7.75423640012452));
#4352=CARTESIAN_POINT('Origin',(2.3,-0.460338770655979,8.65423640012452));
#4353=CARTESIAN_POINT('',(2.4,-1.06033877065598,8.65423640012452));
#4354=CARTESIAN_POINT('',(2.3,-1.06033877065598,8.75423640012452));
#4355=CARTESIAN_POINT('Origin',(2.3,-1.06033877065598,8.65423640012452));
#4356=CARTESIAN_POINT('',(2.3,-0.460338770655979,8.75423640012452));
#4357=CARTESIAN_POINT('',(2.3,-0.460338770655979,8.75423640012452));
#4358=CARTESIAN_POINT('',(2.4,-0.460338770655979,8.65423640012452));
#4359=CARTESIAN_POINT('Origin',(2.3,-0.460338770655979,8.65423640012452));
#4360=CARTESIAN_POINT('',(2.4,-0.460338770655979,8.65423640012452));
#4361=CARTESIAN_POINT('Origin',(2.4,-0.460338770655979,8.75423640012452));
#4362=CARTESIAN_POINT('',(-7.6,-1.06033877065598,8.75423640012452));
#4363=CARTESIAN_POINT('',(2.4,-1.06033877065598,8.75423640012452));
#4364=CARTESIAN_POINT('',(-7.6,-0.460338770655979,8.75423640012452));
#4365=CARTESIAN_POINT('',(-7.6,-0.460338770655979,8.75423640012452));
#4366=CARTESIAN_POINT('',(2.4,-0.460338770655979,8.75423640012452));
#4367=CARTESIAN_POINT('Origin',(2.5,-0.91033877065598,8.85423640012452));
#4368=CARTESIAN_POINT('',(2.6,-0.460338770655979,8.85423640012452));
#4369=CARTESIAN_POINT('',(2.5,-0.460338770655979,8.95423640012452));
#4370=CARTESIAN_POINT('Origin',(2.5,-0.460338770655979,8.85423640012452));
#4371=CARTESIAN_POINT('',(2.5,-1.06033877065598,8.95423640012452));
#4372=CARTESIAN_POINT('',(2.5,-0.91033877065598,8.95423640012452));
#4373=CARTESIAN_POINT('',(2.6,-1.06033877065598,8.85423640012452));
#4374=CARTESIAN_POINT('Origin',(2.5,-1.06033877065598,8.85423640012452));
#4375=CARTESIAN_POINT('',(2.6,-0.91033877065598,8.85423640012452));
#4376=CARTESIAN_POINT('Origin',(2.5,-0.76033877065598,8.95423640012452));
#4377=CARTESIAN_POINT('',(-7.6,-0.460338770655979,8.95423640012452));
#4378=CARTESIAN_POINT('',(2.6,-0.460338770655979,8.95423640012452));
#4379=CARTESIAN_POINT('',(-7.6,-1.06033877065598,8.95423640012452));
#4380=CARTESIAN_POINT('',(-7.6,-1.06033877065598,8.95423640012452));
#4381=CARTESIAN_POINT('',(2.4,-1.06033877065598,8.95423640012452));
#4382=CARTESIAN_POINT('Origin',(2.6,-0.460338770655979,7.75423640012452));
#4383=CARTESIAN_POINT('',(2.6,-0.460338770655979,7.75423640012452));
#4384=CARTESIAN_POINT('',(2.6,-0.460338770655979,7.75423640012452));
#4385=CARTESIAN_POINT('',(2.4,-0.460338770655979,7.75423640012452));
#4386=CARTESIAN_POINT('',(2.6,-0.460338770655979,7.75423640012452));
#4387=CARTESIAN_POINT('',(2.4,-0.460338770655979,7.75423640012452));
#4388=CARTESIAN_POINT('',(-7.6,-0.460338770655979,8.95423640012452));
#4389=CARTESIAN_POINT('Origin',(-7.6,-0.76033877065598,8.85423640012452));
#4390=CARTESIAN_POINT('',(-7.6,-1.06033877065598,8.75423640012452));
#4391=CARTESIAN_POINT('Origin',(2.4,-0.460338770655979,7.75423640012452));
#4392=CARTESIAN_POINT('',(2.4,-1.06033877065598,7.75423640012452));
#4393=CARTESIAN_POINT('',(2.4,-0.460338770655979,7.75423640012452));
#4394=CARTESIAN_POINT('',(2.4,-1.06033877065598,7.75423640012452));
#4395=CARTESIAN_POINT('Origin',(2.6,-1.06033877065598,7.75423640012452));
#4396=CARTESIAN_POINT('',(2.6,-1.06033877065598,7.75423640012452));
#4397=CARTESIAN_POINT('',(2.6,-1.06033877065598,7.75423640012452));
#4398=CARTESIAN_POINT('',(2.6,-1.06033877065598,7.75423640012452));
#4399=CARTESIAN_POINT('Origin',(2.4,-1.06033877065598,7.75423640012452));
#4400=CARTESIAN_POINT('',(2.4,-1.06033877065598,7.75423640012452));
#4401=CARTESIAN_POINT('Origin',(2.5,-0.76033877065598,7.75423640012452));
#4402=CARTESIAN_POINT('Origin',(2.29845574290209,9.53539412512804,8.65423640012452));
#4403=CARTESIAN_POINT('',(2.39845574290209,8.93539412512804,8.65423640012452));
#4404=CARTESIAN_POINT('',(2.29845574290209,8.93539412512804,8.75423640012452));
#4405=CARTESIAN_POINT('Origin',(2.29845574290209,8.93539412512804,8.65423640012452));
#4406=CARTESIAN_POINT('',(2.29845574290209,9.53539412512804,8.75423640012452));
#4407=CARTESIAN_POINT('',(2.29845574290209,9.53539412512804,8.75423640012452));
#4408=CARTESIAN_POINT('',(2.39845574290209,9.53539412512804,8.65423640012452));
#4409=CARTESIAN_POINT('Origin',(2.29845574290209,9.53539412512804,8.65423640012452));
#4410=CARTESIAN_POINT('',(2.39845574290209,9.53539412512804,8.65423640012452));
#4411=CARTESIAN_POINT('Origin',(2.39845574290209,9.53539412512804,8.75423640012452));
#4412=CARTESIAN_POINT('',(-7.60154425709791,8.93539412512804,8.75423640012452));
#4413=CARTESIAN_POINT('',(2.39845574290209,8.93539412512804,8.75423640012452));
#4414=CARTESIAN_POINT('',(-7.60154425709791,9.53539412512804,8.75423640012452));
#4415=CARTESIAN_POINT('',(-7.60154425709791,9.53539412512804,8.75423640012452));
#4416=CARTESIAN_POINT('',(2.39845574290209,9.53539412512804,8.75423640012452));
#4417=CARTESIAN_POINT('Origin',(2.49845574290209,9.08539412512804,8.85423640012452));
#4418=CARTESIAN_POINT('',(2.59845574290209,9.53539412512804,8.85423640012452));
#4419=CARTESIAN_POINT('',(2.49845574290209,9.53539412512804,8.95423640012452));
#4420=CARTESIAN_POINT('Origin',(2.49845574290209,9.53539412512804,8.85423640012452));
#4421=CARTESIAN_POINT('',(2.49845574290209,8.93539412512804,8.95423640012452));
#4422=CARTESIAN_POINT('',(2.49845574290209,9.08539412512804,8.95423640012452));
#4423=CARTESIAN_POINT('',(2.59845574290209,8.93539412512804,8.85423640012452));
#4424=CARTESIAN_POINT('Origin',(2.49845574290209,8.93539412512804,8.85423640012452));
#4425=CARTESIAN_POINT('',(2.59845574290209,9.08539412512804,8.85423640012452));
#4426=CARTESIAN_POINT('Origin',(2.49845574290209,9.23539412512804,8.95423640012452));
#4427=CARTESIAN_POINT('',(-7.60154425709791,9.53539412512804,8.95423640012452));
#4428=CARTESIAN_POINT('',(2.59845574290209,9.53539412512804,8.95423640012452));
#4429=CARTESIAN_POINT('',(-7.60154425709791,8.93539412512804,8.95423640012452));
#4430=CARTESIAN_POINT('',(-7.60154425709791,8.93539412512804,8.95423640012452));
#4431=CARTESIAN_POINT('',(2.39845574290209,8.93539412512804,8.95423640012452));
#4432=CARTESIAN_POINT('Origin',(2.59845574290209,9.53539412512804,7.75423640012452));
#4433=CARTESIAN_POINT('',(2.59845574290209,9.53539412512804,7.75423640012452));
#4434=CARTESIAN_POINT('',(2.59845574290209,9.53539412512804,7.75423640012452));
#4435=CARTESIAN_POINT('',(2.39845574290209,9.53539412512804,7.75423640012452));
#4436=CARTESIAN_POINT('',(2.59845574290209,9.53539412512804,7.75423640012452));
#4437=CARTESIAN_POINT('',(2.39845574290209,9.53539412512804,7.75423640012452));
#4438=CARTESIAN_POINT('',(-7.60154425709791,9.53539412512804,8.95423640012452));
#4439=CARTESIAN_POINT('Origin',(-7.60154425709791,9.23539412512804,8.85423640012452));
#4440=CARTESIAN_POINT('',(-7.60154425709791,8.93539412512804,7.75423640012452));
#4441=CARTESIAN_POINT('Origin',(2.39845574290209,9.53539412512804,7.75423640012452));
#4442=CARTESIAN_POINT('',(2.39845574290209,8.93539412512804,7.75423640012452));
#4443=CARTESIAN_POINT('',(2.39845574290209,9.53539412512804,7.75423640012452));
#4444=CARTESIAN_POINT('',(2.39845574290209,8.93539412512804,7.75423640012452));
#4445=CARTESIAN_POINT('Origin',(2.59845574290209,8.93539412512804,7.75423640012452));
#4446=CARTESIAN_POINT('',(2.59845574290209,8.93539412512804,7.75423640012452));
#4447=CARTESIAN_POINT('',(2.59845574290209,8.93539412512804,7.75423640012452));
#4448=CARTESIAN_POINT('',(2.59845574290209,8.93539412512804,7.75423640012452));
#4449=CARTESIAN_POINT('Origin',(2.39845574290209,8.93539412512804,7.75423640012452));
#4450=CARTESIAN_POINT('',(2.39845574290209,8.93539412512804,7.75423640012452));
#4451=CARTESIAN_POINT('Origin',(2.49845574290209,9.23539412512804,7.75423640012452));
#4452=CARTESIAN_POINT('Origin',(2.3,4.54060714505298,-0.644236400124523));
#4453=CARTESIAN_POINT('',(2.4,3.94060714505298,-0.644236400124523));
#4454=CARTESIAN_POINT('',(2.3,3.94060714505298,-0.744236400124523));
#4455=CARTESIAN_POINT('Origin',(2.3,3.94060714505298,-0.644236400124523));
#4456=CARTESIAN_POINT('',(2.4,4.54060714505298,-0.644236400124523));
#4457=CARTESIAN_POINT('',(2.4,4.54060714505298,-0.644236400124523));
#4458=CARTESIAN_POINT('',(2.3,4.54060714505298,-0.744236400124523));
#4459=CARTESIAN_POINT('Origin',(2.3,4.54060714505298,-0.644236400124523));
#4460=CARTESIAN_POINT('',(2.3,4.54060714505298,-0.744236400124523));
#4461=CARTESIAN_POINT('Origin',(2.4,4.54060714505298,-0.744236400124523));
#4462=CARTESIAN_POINT('',(-7.6,4.54060714505298,-0.744236400124523));
#4463=CARTESIAN_POINT('',(2.4,4.54060714505298,-0.744236400124523));
#4464=CARTESIAN_POINT('',(-7.6,3.94060714505298,-0.744236400124523));
#4465=CARTESIAN_POINT('',(-7.6,4.54060714505298,-0.744236400124523));
#4466=CARTESIAN_POINT('',(2.4,3.94060714505298,-0.744236400124523));
#4467=CARTESIAN_POINT('Origin',(2.5,4.09060714505298,-0.844236400124522));
#4468=CARTESIAN_POINT('',(2.6,4.54060714505298,-0.844236400124522));
#4469=CARTESIAN_POINT('',(2.5,4.54060714505298,-0.944236400124523));
#4470=CARTESIAN_POINT('Origin',(2.5,4.54060714505298,-0.844236400124522));
#4471=CARTESIAN_POINT('',(2.6,3.94060714505298,-0.844236400124522));
#4472=CARTESIAN_POINT('',(2.6,4.09060714505298,-0.844236400124522));
#4473=CARTESIAN_POINT('',(2.5,3.94060714505298,-0.944236400124523));
#4474=CARTESIAN_POINT('Origin',(2.5,3.94060714505298,-0.844236400124522));
#4475=CARTESIAN_POINT('',(2.5,4.09060714505298,-0.944236400124523));
#4476=CARTESIAN_POINT('Origin',(2.5,4.24060714505298,-0.944236400124523));
#4477=CARTESIAN_POINT('',(-7.6,3.94060714505298,-0.944236400124523));
#4478=CARTESIAN_POINT('',(2.4,3.94060714505298,-0.944236400124523));
#4479=CARTESIAN_POINT('',(-7.6,4.54060714505298,-0.944236400124523));
#4480=CARTESIAN_POINT('',(-7.6,3.94060714505298,-0.944236400124523));
#4481=CARTESIAN_POINT('',(2.6,4.54060714505298,-0.944236400124523));
#4482=CARTESIAN_POINT('Origin',(2.6,4.54060714505298,0.255763599875477));
#4483=CARTESIAN_POINT('',(-7.6,4.54060714505298,-0.944236400124523));
#4484=CARTESIAN_POINT('',(2.4,4.54060714505298,0.255763599875477));
#4485=CARTESIAN_POINT('',(2.4,4.54060714505298,0.255763599875477));
#4486=CARTESIAN_POINT('',(2.6,4.54060714505298,0.255763599875477));
#4487=CARTESIAN_POINT('',(2.6,4.54060714505298,0.255763599875477));
#4488=CARTESIAN_POINT('',(2.6,4.54060714505298,0.255763599875477));
#4489=CARTESIAN_POINT('Origin',(-7.6,4.24060714505298,-0.844236400124523));
#4490=CARTESIAN_POINT('',(-7.6,3.94060714505298,0.255763599875477));
#4491=CARTESIAN_POINT('Origin',(2.4,4.54060714505298,0.255763599875477));
#4492=CARTESIAN_POINT('',(2.4,3.94060714505298,0.255763599875477));
#4493=CARTESIAN_POINT('',(2.4,3.94060714505298,0.255763599875477));
#4494=CARTESIAN_POINT('',(2.4,4.54060714505298,0.255763599875477));
#4495=CARTESIAN_POINT('Origin',(2.6,3.94060714505298,0.255763599875477));
#4496=CARTESIAN_POINT('',(2.6,3.94060714505298,0.255763599875477));
#4497=CARTESIAN_POINT('',(2.6,3.94060714505298,0.255763599875477));
#4498=CARTESIAN_POINT('',(2.6,3.94060714505298,0.255763599875477));
#4499=CARTESIAN_POINT('Origin',(2.4,3.94060714505298,0.255763599875477));
#4500=CARTESIAN_POINT('',(2.4,3.94060714505298,0.255763599875477));
#4501=CARTESIAN_POINT('Origin',(2.5,4.24060714505298,0.255763599875477));
#4502=CARTESIAN_POINT('Origin',(2.3,-5.46171437598053,-0.644236400124523));
#4503=CARTESIAN_POINT('',(2.4,-6.06171437598053,-0.644236400124523));
#4504=CARTESIAN_POINT('',(2.3,-6.06171437598053,-0.744236400124523));
#4505=CARTESIAN_POINT('Origin',(2.3,-6.06171437598053,-0.644236400124523));
#4506=CARTESIAN_POINT('',(2.4,-5.46171437598053,-0.644236400124523));
#4507=CARTESIAN_POINT('',(2.4,-5.46171437598053,-0.644236400124523));
#4508=CARTESIAN_POINT('',(2.3,-5.46171437598053,-0.744236400124523));
#4509=CARTESIAN_POINT('Origin',(2.3,-5.46171437598053,-0.644236400124523));
#4510=CARTESIAN_POINT('',(2.3,-5.46171437598053,-0.744236400124523));
#4511=CARTESIAN_POINT('Origin',(2.4,-5.46171437598053,-0.744236400124523));
#4512=CARTESIAN_POINT('',(-7.6,-5.46171437598053,-0.744236400124523));
#4513=CARTESIAN_POINT('',(2.4,-5.46171437598053,-0.744236400124523));
#4514=CARTESIAN_POINT('',(-7.6,-6.06171437598053,-0.744236400124523));
#4515=CARTESIAN_POINT('',(-7.6,-5.46171437598053,-0.744236400124523));
#4516=CARTESIAN_POINT('',(2.4,-6.06171437598053,-0.744236400124523));
#4517=CARTESIAN_POINT('Origin',(2.5,-5.91171437598053,-0.844236400124522));
#4518=CARTESIAN_POINT('',(2.6,-5.46171437598053,-0.844236400124522));
#4519=CARTESIAN_POINT('',(2.5,-5.46171437598053,-0.944236400124523));
#4520=CARTESIAN_POINT('Origin',(2.5,-5.46171437598053,-0.844236400124522));
#4521=CARTESIAN_POINT('',(2.6,-6.06171437598053,-0.844236400124522));
#4522=CARTESIAN_POINT('',(2.6,-5.91171437598053,-0.844236400124522));
#4523=CARTESIAN_POINT('',(2.5,-6.06171437598053,-0.944236400124523));
#4524=CARTESIAN_POINT('Origin',(2.5,-6.06171437598053,-0.844236400124522));
#4525=CARTESIAN_POINT('',(2.5,-5.91171437598053,-0.944236400124523));
#4526=CARTESIAN_POINT('Origin',(2.5,-5.76171437598053,-0.944236400124523));
#4527=CARTESIAN_POINT('',(-7.6,-6.06171437598053,-0.944236400124523));
#4528=CARTESIAN_POINT('',(2.4,-6.06171437598053,-0.944236400124523));
#4529=CARTESIAN_POINT('',(-7.6,-5.46171437598053,-0.944236400124523));
#4530=CARTESIAN_POINT('',(-7.6,-6.06171437598053,-0.944236400124523));
#4531=CARTESIAN_POINT('',(2.6,-5.46171437598053,-0.944236400124523));
#4532=CARTESIAN_POINT('Origin',(2.6,-5.46171437598053,0.255763599875477));
#4533=CARTESIAN_POINT('',(-7.6,-5.46171437598053,-0.944236400124523));
#4534=CARTESIAN_POINT('',(2.4,-5.46171437598053,0.255763599875477));
#4535=CARTESIAN_POINT('',(2.4,-5.46171437598053,0.255763599875477));
#4536=CARTESIAN_POINT('',(2.6,-5.46171437598053,0.255763599875477));
#4537=CARTESIAN_POINT('',(2.6,-5.46171437598053,0.255763599875477));
#4538=CARTESIAN_POINT('',(2.6,-5.46171437598053,0.255763599875477));
#4539=CARTESIAN_POINT('Origin',(-7.6,-5.76171437598053,-0.844236400124523));
#4540=CARTESIAN_POINT('',(-7.6,-6.06171437598053,0.255763599875477));
#4541=CARTESIAN_POINT('Origin',(2.4,-5.46171437598053,0.255763599875477));
#4542=CARTESIAN_POINT('',(2.4,-6.06171437598053,0.255763599875477));
#4543=CARTESIAN_POINT('',(2.4,-6.06171437598053,0.255763599875477));
#4544=CARTESIAN_POINT('',(2.4,-5.46171437598053,0.255763599875477));
#4545=CARTESIAN_POINT('Origin',(2.6,-6.06171437598053,0.255763599875477));
#4546=CARTESIAN_POINT('',(2.6,-6.06171437598053,0.255763599875477));
#4547=CARTESIAN_POINT('',(2.6,-6.06171437598053,0.255763599875477));
#4548=CARTESIAN_POINT('',(2.6,-6.06171437598053,0.255763599875477));
#4549=CARTESIAN_POINT('Origin',(2.4,-6.06171437598053,0.255763599875477));
#4550=CARTESIAN_POINT('',(2.4,-6.06171437598053,0.255763599875477));
#4551=CARTESIAN_POINT('Origin',(2.5,-5.76171437598053,0.255763599875477));
#4552=CARTESIAN_POINT('Origin',(2.3,-2.96767289196727,-0.644236400124523));
#4553=CARTESIAN_POINT('',(2.4,-3.56767289196727,-0.644236400124523));
#4554=CARTESIAN_POINT('',(2.3,-3.56767289196727,-0.744236400124523));
#4555=CARTESIAN_POINT('Origin',(2.3,-3.56767289196727,-0.644236400124523));
#4556=CARTESIAN_POINT('',(2.4,-2.96767289196727,-0.644236400124523));
#4557=CARTESIAN_POINT('',(2.4,-2.96767289196727,-0.644236400124523));
#4558=CARTESIAN_POINT('',(2.3,-2.96767289196727,-0.744236400124523));
#4559=CARTESIAN_POINT('Origin',(2.3,-2.96767289196727,-0.644236400124523));
#4560=CARTESIAN_POINT('',(2.3,-2.96767289196727,-0.744236400124523));
#4561=CARTESIAN_POINT('Origin',(2.4,-2.96767289196727,-0.744236400124523));
#4562=CARTESIAN_POINT('',(-7.6,-2.96767289196727,-0.744236400124523));
#4563=CARTESIAN_POINT('',(2.4,-2.96767289196727,-0.744236400124523));
#4564=CARTESIAN_POINT('',(-7.6,-3.56767289196727,-0.744236400124523));
#4565=CARTESIAN_POINT('',(-7.6,-2.96767289196727,-0.744236400124523));
#4566=CARTESIAN_POINT('',(2.4,-3.56767289196727,-0.744236400124523));
#4567=CARTESIAN_POINT('Origin',(2.5,-3.41767289196727,-0.844236400124522));
#4568=CARTESIAN_POINT('',(2.6,-2.96767289196727,-0.844236400124522));
#4569=CARTESIAN_POINT('',(2.5,-2.96767289196727,-0.944236400124523));
#4570=CARTESIAN_POINT('Origin',(2.5,-2.96767289196727,-0.844236400124522));
#4571=CARTESIAN_POINT('',(2.6,-3.56767289196727,-0.844236400124522));
#4572=CARTESIAN_POINT('',(2.6,-3.41767289196727,-0.844236400124522));
#4573=CARTESIAN_POINT('',(2.5,-3.56767289196727,-0.944236400124523));
#4574=CARTESIAN_POINT('Origin',(2.5,-3.56767289196727,-0.844236400124522));
#4575=CARTESIAN_POINT('',(2.5,-3.41767289196727,-0.944236400124523));
#4576=CARTESIAN_POINT('Origin',(2.5,-3.26767289196727,-0.944236400124523));
#4577=CARTESIAN_POINT('',(-7.6,-3.56767289196727,-0.944236400124523));
#4578=CARTESIAN_POINT('',(2.4,-3.56767289196727,-0.944236400124523));
#4579=CARTESIAN_POINT('',(-7.6,-2.96767289196727,-0.944236400124523));
#4580=CARTESIAN_POINT('',(-7.6,-3.56767289196727,-0.944236400124523));
#4581=CARTESIAN_POINT('',(2.6,-2.96767289196727,-0.944236400124523));
#4582=CARTESIAN_POINT('Origin',(2.6,-2.96767289196727,0.255763599875477));
#4583=CARTESIAN_POINT('',(-7.6,-2.96767289196727,-0.944236400124523));
#4584=CARTESIAN_POINT('',(2.4,-2.96767289196727,0.255763599875477));
#4585=CARTESIAN_POINT('',(2.4,-2.96767289196727,0.255763599875477));
#4586=CARTESIAN_POINT('',(2.6,-2.96767289196727,0.255763599875477));
#4587=CARTESIAN_POINT('',(2.6,-2.96767289196727,0.255763599875477));
#4588=CARTESIAN_POINT('',(2.6,-2.96767289196727,0.255763599875477));
#4589=CARTESIAN_POINT('Origin',(-7.6,-3.26767289196727,-0.844236400124523));
#4590=CARTESIAN_POINT('',(-7.6,-3.56767289196727,0.255763599875477));
#4591=CARTESIAN_POINT('Origin',(2.4,-2.96767289196727,0.255763599875477));
#4592=CARTESIAN_POINT('',(2.4,-3.56767289196727,0.255763599875477));
#4593=CARTESIAN_POINT('',(2.4,-3.56767289196727,0.255763599875477));
#4594=CARTESIAN_POINT('',(2.4,-2.96767289196727,0.255763599875477));
#4595=CARTESIAN_POINT('Origin',(2.6,-3.56767289196727,0.255763599875477));
#4596=CARTESIAN_POINT('',(2.6,-3.56767289196727,0.255763599875477));
#4597=CARTESIAN_POINT('',(2.6,-3.56767289196727,0.255763599875477));
#4598=CARTESIAN_POINT('',(2.6,-3.56767289196727,0.255763599875477));
#4599=CARTESIAN_POINT('Origin',(2.4,-3.56767289196727,0.255763599875477));
#4600=CARTESIAN_POINT('',(2.4,-3.56767289196727,0.255763599875477));
#4601=CARTESIAN_POINT('Origin',(2.5,-3.26767289196727,0.255763599875477));
#4602=CARTESIAN_POINT('Origin',(2.3,7.04457539774566,-0.644236400124523));
#4603=CARTESIAN_POINT('',(2.4,6.44457539774566,-0.644236400124523));
#4604=CARTESIAN_POINT('',(2.3,6.44457539774566,-0.744236400124523));
#4605=CARTESIAN_POINT('Origin',(2.3,6.44457539774566,-0.644236400124523));
#4606=CARTESIAN_POINT('',(2.4,7.04457539774566,-0.644236400124523));
#4607=CARTESIAN_POINT('',(2.4,7.04457539774566,-0.644236400124523));
#4608=CARTESIAN_POINT('',(2.3,7.04457539774566,-0.744236400124523));
#4609=CARTESIAN_POINT('Origin',(2.3,7.04457539774566,-0.644236400124523));
#4610=CARTESIAN_POINT('',(2.3,7.04457539774566,-0.744236400124523));
#4611=CARTESIAN_POINT('Origin',(2.4,7.04457539774566,-0.744236400124523));
#4612=CARTESIAN_POINT('',(-7.6,7.04457539774566,-0.744236400124523));
#4613=CARTESIAN_POINT('',(2.4,7.04457539774566,-0.744236400124523));
#4614=CARTESIAN_POINT('',(-7.6,6.44457539774566,-0.744236400124523));
#4615=CARTESIAN_POINT('',(-7.6,7.04457539774566,-0.744236400124523));
#4616=CARTESIAN_POINT('',(2.4,6.44457539774566,-0.744236400124523));
#4617=CARTESIAN_POINT('Origin',(2.5,6.59457539774566,-0.844236400124522));
#4618=CARTESIAN_POINT('',(2.6,7.04457539774566,-0.844236400124522));
#4619=CARTESIAN_POINT('',(2.5,7.04457539774566,-0.944236400124523));
#4620=CARTESIAN_POINT('Origin',(2.5,7.04457539774566,-0.844236400124522));
#4621=CARTESIAN_POINT('',(2.6,6.44457539774566,-0.844236400124522));
#4622=CARTESIAN_POINT('',(2.6,6.59457539774566,-0.844236400124522));
#4623=CARTESIAN_POINT('',(2.5,6.44457539774566,-0.944236400124523));
#4624=CARTESIAN_POINT('Origin',(2.5,6.44457539774566,-0.844236400124522));
#4625=CARTESIAN_POINT('',(2.5,6.59457539774566,-0.944236400124523));
#4626=CARTESIAN_POINT('Origin',(2.5,6.74457539774566,-0.944236400124523));
#4627=CARTESIAN_POINT('',(-7.6,6.44457539774566,-0.944236400124523));
#4628=CARTESIAN_POINT('',(2.4,6.44457539774566,-0.944236400124523));
#4629=CARTESIAN_POINT('',(-7.6,7.04457539774566,-0.944236400124523));
#4630=CARTESIAN_POINT('',(-7.6,6.44457539774566,-0.944236400124523));
#4631=CARTESIAN_POINT('',(2.6,7.04457539774566,-0.944236400124523));
#4632=CARTESIAN_POINT('Origin',(2.6,7.04457539774566,0.255763599875477));
#4633=CARTESIAN_POINT('',(-7.6,7.04457539774566,-0.944236400124523));
#4634=CARTESIAN_POINT('',(2.4,7.04457539774566,0.255763599875477));
#4635=CARTESIAN_POINT('',(2.4,7.04457539774566,0.255763599875477));
#4636=CARTESIAN_POINT('',(2.6,7.04457539774566,0.255763599875477));
#4637=CARTESIAN_POINT('',(2.6,7.04457539774566,0.255763599875477));
#4638=CARTESIAN_POINT('',(2.6,7.04457539774566,0.255763599875477));
#4639=CARTESIAN_POINT('Origin',(-7.6,6.74457539774566,-0.844236400124523));
#4640=CARTESIAN_POINT('',(-7.6,6.44457539774566,-0.744236400124523));
#4641=CARTESIAN_POINT('Origin',(2.4,6.44457539774566,0.255763599875477));
#4642=CARTESIAN_POINT('',(2.6,6.44457539774566,0.255763599875477));
#4643=CARTESIAN_POINT('',(2.6,6.44457539774566,0.255763599875477));
#4644=CARTESIAN_POINT('',(2.4,6.44457539774566,0.255763599875477));
#4645=CARTESIAN_POINT('',(2.4,6.44457539774566,0.255763599875477));
#4646=CARTESIAN_POINT('',(2.4,6.44457539774566,0.255763599875477));
#4647=CARTESIAN_POINT('Origin',(2.4,7.04457539774566,0.255763599875477));
#4648=CARTESIAN_POINT('',(2.4,7.04457539774566,0.255763599875477));
#4649=CARTESIAN_POINT('Origin',(2.6,6.44457539774566,0.255763599875477));
#4650=CARTESIAN_POINT('',(2.6,6.44457539774566,0.255763599875477));
#4651=CARTESIAN_POINT('Origin',(2.5,6.74457539774566,0.255763599875477));
#4652=CARTESIAN_POINT('Origin',(2.3,2.04053134178302,-0.644236400124523));
#4653=CARTESIAN_POINT('',(2.4,1.44053134178302,-0.644236400124523));
#4654=CARTESIAN_POINT('',(2.3,1.44053134178302,-0.744236400124523));
#4655=CARTESIAN_POINT('Origin',(2.3,1.44053134178302,-0.644236400124523));
#4656=CARTESIAN_POINT('',(2.4,2.04053134178302,-0.644236400124523));
#4657=CARTESIAN_POINT('',(2.4,2.04053134178302,-0.644236400124523));
#4658=CARTESIAN_POINT('',(2.3,2.04053134178302,-0.744236400124523));
#4659=CARTESIAN_POINT('Origin',(2.3,2.04053134178302,-0.644236400124523));
#4660=CARTESIAN_POINT('',(2.3,2.04053134178302,-0.744236400124523));
#4661=CARTESIAN_POINT('Origin',(2.4,2.04053134178302,-0.744236400124523));
#4662=CARTESIAN_POINT('',(-7.6,2.04053134178302,-0.744236400124523));
#4663=CARTESIAN_POINT('',(2.4,2.04053134178302,-0.744236400124523));
#4664=CARTESIAN_POINT('',(-7.6,1.44053134178302,-0.744236400124523));
#4665=CARTESIAN_POINT('',(-7.6,2.04053134178302,-0.744236400124523));
#4666=CARTESIAN_POINT('',(2.4,1.44053134178302,-0.744236400124523));
#4667=CARTESIAN_POINT('Origin',(2.5,1.59053134178302,-0.844236400124522));
#4668=CARTESIAN_POINT('',(2.6,2.04053134178302,-0.844236400124522));
#4669=CARTESIAN_POINT('',(2.5,2.04053134178302,-0.944236400124523));
#4670=CARTESIAN_POINT('Origin',(2.5,2.04053134178302,-0.844236400124522));
#4671=CARTESIAN_POINT('',(2.6,1.44053134178302,-0.844236400124522));
#4672=CARTESIAN_POINT('',(2.6,1.59053134178302,-0.844236400124522));
#4673=CARTESIAN_POINT('',(2.5,1.44053134178302,-0.944236400124523));
#4674=CARTESIAN_POINT('Origin',(2.5,1.44053134178302,-0.844236400124522));
#4675=CARTESIAN_POINT('',(2.5,1.59053134178302,-0.944236400124523));
#4676=CARTESIAN_POINT('Origin',(2.5,1.74053134178302,-0.944236400124523));
#4677=CARTESIAN_POINT('',(-7.6,1.44053134178302,-0.944236400124523));
#4678=CARTESIAN_POINT('',(2.4,1.44053134178302,-0.944236400124523));
#4679=CARTESIAN_POINT('',(-7.6,2.04053134178302,-0.944236400124523));
#4680=CARTESIAN_POINT('',(-7.6,1.44053134178302,-0.944236400124523));
#4681=CARTESIAN_POINT('',(2.6,2.04053134178302,-0.944236400124523));
#4682=CARTESIAN_POINT('Origin',(2.6,2.04053134178302,0.255763599875477));
#4683=CARTESIAN_POINT('',(-7.6,2.04053134178302,-0.944236400124523));
#4684=CARTESIAN_POINT('',(2.4,2.04053134178302,0.255763599875477));
#4685=CARTESIAN_POINT('',(2.4,2.04053134178302,0.255763599875477));
#4686=CARTESIAN_POINT('',(2.6,2.04053134178302,0.255763599875477));
#4687=CARTESIAN_POINT('',(2.6,2.04053134178302,0.255763599875477));
#4688=CARTESIAN_POINT('',(2.6,2.04053134178302,0.255763599875477));
#4689=CARTESIAN_POINT('Origin',(-7.6,1.74053134178302,-0.844236400124523));
#4690=CARTESIAN_POINT('',(-7.6,1.44053134178302,-0.744236400124523));
#4691=CARTESIAN_POINT('Origin',(2.4,2.04053134178302,0.255763599875477));
#4692=CARTESIAN_POINT('',(2.4,1.44053134178302,0.255763599875477));
#4693=CARTESIAN_POINT('',(2.4,1.44053134178302,0.255763599875477));
#4694=CARTESIAN_POINT('',(2.4,2.04053134178302,0.255763599875477));
#4695=CARTESIAN_POINT('Origin',(2.6,1.44053134178302,0.255763599875477));
#4696=CARTESIAN_POINT('',(2.6,1.44053134178302,0.255763599875477));
#4697=CARTESIAN_POINT('',(2.6,1.44053134178302,0.255763599875477));
#4698=CARTESIAN_POINT('',(2.6,1.44053134178302,0.255763599875477));
#4699=CARTESIAN_POINT('Origin',(2.4,1.44053134178302,0.255763599875477));
#4700=CARTESIAN_POINT('',(2.4,1.44053134178302,0.255763599875477));
#4701=CARTESIAN_POINT('Origin',(2.5,1.74053134178302,0.255763599875477));
#4702=CARTESIAN_POINT('Origin',(2.3,-7.96810260001365,-0.644236400124523));
#4703=CARTESIAN_POINT('',(2.4,-8.56810260001365,-0.644236400124523));
#4704=CARTESIAN_POINT('',(2.3,-8.56810260001365,-0.744236400124523));
#4705=CARTESIAN_POINT('Origin',(2.3,-8.56810260001365,-0.644236400124523));
#4706=CARTESIAN_POINT('',(2.4,-7.96810260001365,-0.644236400124523));
#4707=CARTESIAN_POINT('',(2.4,-7.96810260001365,-0.644236400124523));
#4708=CARTESIAN_POINT('',(2.3,-7.96810260001365,-0.744236400124523));
#4709=CARTESIAN_POINT('Origin',(2.3,-7.96810260001365,-0.644236400124523));
#4710=CARTESIAN_POINT('',(2.3,-7.96810260001365,-0.744236400124523));
#4711=CARTESIAN_POINT('Origin',(2.4,-7.96810260001365,-0.744236400124523));
#4712=CARTESIAN_POINT('',(-7.6,-7.96810260001365,-0.744236400124523));
#4713=CARTESIAN_POINT('',(2.4,-7.96810260001365,-0.744236400124523));
#4714=CARTESIAN_POINT('',(-7.6,-8.56810260001365,-0.744236400124523));
#4715=CARTESIAN_POINT('',(-7.6,-7.96810260001365,-0.744236400124523));
#4716=CARTESIAN_POINT('',(2.4,-8.56810260001365,-0.744236400124523));
#4717=CARTESIAN_POINT('Origin',(2.5,-8.41810260001365,-0.844236400124522));
#4718=CARTESIAN_POINT('',(2.6,-7.96810260001365,-0.844236400124522));
#4719=CARTESIAN_POINT('',(2.5,-7.96810260001365,-0.944236400124523));
#4720=CARTESIAN_POINT('Origin',(2.5,-7.96810260001365,-0.844236400124522));
#4721=CARTESIAN_POINT('',(2.6,-8.56810260001365,-0.844236400124522));
#4722=CARTESIAN_POINT('',(2.6,-8.41810260001365,-0.844236400124522));
#4723=CARTESIAN_POINT('',(2.5,-8.56810260001365,-0.944236400124523));
#4724=CARTESIAN_POINT('Origin',(2.5,-8.56810260001365,-0.844236400124522));
#4725=CARTESIAN_POINT('',(2.5,-8.41810260001365,-0.944236400124523));
#4726=CARTESIAN_POINT('Origin',(2.5,-8.26810260001365,-0.944236400124523));
#4727=CARTESIAN_POINT('',(-7.6,-8.56810260001365,-0.944236400124523));
#4728=CARTESIAN_POINT('',(2.4,-8.56810260001365,-0.944236400124523));
#4729=CARTESIAN_POINT('',(-7.6,-7.96810260001365,-0.944236400124523));
#4730=CARTESIAN_POINT('',(-7.6,-8.56810260001365,-0.944236400124523));
#4731=CARTESIAN_POINT('',(2.6,-7.96810260001365,-0.944236400124523));
#4732=CARTESIAN_POINT('Origin',(2.6,-7.96810260001365,0.255763599875477));
#4733=CARTESIAN_POINT('',(-7.6,-7.96810260001365,-0.944236400124523));
#4734=CARTESIAN_POINT('',(2.4,-7.96810260001365,0.255763599875477));
#4735=CARTESIAN_POINT('',(2.4,-7.96810260001365,0.255763599875477));
#4736=CARTESIAN_POINT('',(2.6,-7.96810260001365,0.255763599875477));
#4737=CARTESIAN_POINT('',(2.6,-7.96810260001365,0.255763599875477));
#4738=CARTESIAN_POINT('',(2.6,-7.96810260001365,0.255763599875477));
#4739=CARTESIAN_POINT('Origin',(-7.6,-8.26810260001365,-0.844236400124523));
#4740=CARTESIAN_POINT('',(-7.6,-8.56810260001365,-0.744236400124523));
#4741=CARTESIAN_POINT('Origin',(2.4,-7.96810260001365,0.255763599875477));
#4742=CARTESIAN_POINT('',(2.4,-8.56810260001365,0.255763599875477));
#4743=CARTESIAN_POINT('',(2.4,-8.56810260001365,0.255763599875477));
#4744=CARTESIAN_POINT('',(2.4,-7.96810260001365,0.255763599875477));
#4745=CARTESIAN_POINT('Origin',(2.6,-8.56810260001365,0.255763599875477));
#4746=CARTESIAN_POINT('',(2.6,-8.56810260001365,0.255763599875477));
#4747=CARTESIAN_POINT('',(2.6,-8.56810260001365,0.255763599875477));
#4748=CARTESIAN_POINT('',(2.6,-8.56810260001365,0.255763599875477));
#4749=CARTESIAN_POINT('Origin',(2.4,-8.56810260001365,0.255763599875477));
#4750=CARTESIAN_POINT('',(2.4,-8.56810260001365,0.255763599875477));
#4751=CARTESIAN_POINT('Origin',(2.5,-8.26810260001365,0.255763599875477));
#4752=CARTESIAN_POINT('Origin',(2.3,-0.460338770655979,-0.644236400124523));
#4753=CARTESIAN_POINT('',(2.4,-1.06033877065598,-0.644236400124523));
#4754=CARTESIAN_POINT('',(2.3,-1.06033877065598,-0.744236400124523));
#4755=CARTESIAN_POINT('Origin',(2.3,-1.06033877065598,-0.644236400124523));
#4756=CARTESIAN_POINT('',(2.4,-0.460338770655979,-0.644236400124523));
#4757=CARTESIAN_POINT('',(2.4,-0.460338770655979,-0.644236400124523));
#4758=CARTESIAN_POINT('',(2.3,-0.460338770655979,-0.744236400124523));
#4759=CARTESIAN_POINT('Origin',(2.3,-0.460338770655979,-0.644236400124523));
#4760=CARTESIAN_POINT('',(2.3,-0.460338770655979,-0.744236400124523));
#4761=CARTESIAN_POINT('Origin',(2.4,-0.460338770655979,-0.744236400124523));
#4762=CARTESIAN_POINT('',(-7.6,-0.460338770655979,-0.744236400124523));
#4763=CARTESIAN_POINT('',(2.4,-0.460338770655979,-0.744236400124523));
#4764=CARTESIAN_POINT('',(-7.6,-1.06033877065598,-0.744236400124523));
#4765=CARTESIAN_POINT('',(-7.6,-0.460338770655979,-0.744236400124523));
#4766=CARTESIAN_POINT('',(2.4,-1.06033877065598,-0.744236400124523));
#4767=CARTESIAN_POINT('Origin',(2.5,-0.91033877065598,-0.844236400124522));
#4768=CARTESIAN_POINT('',(2.6,-0.460338770655979,-0.844236400124522));
#4769=CARTESIAN_POINT('',(2.5,-0.460338770655979,-0.944236400124523));
#4770=CARTESIAN_POINT('Origin',(2.5,-0.460338770655979,-0.844236400124522));
#4771=CARTESIAN_POINT('',(2.6,-1.06033877065598,-0.844236400124522));
#4772=CARTESIAN_POINT('',(2.6,-0.91033877065598,-0.844236400124522));
#4773=CARTESIAN_POINT('',(2.5,-1.06033877065598,-0.944236400124523));
#4774=CARTESIAN_POINT('Origin',(2.5,-1.06033877065598,-0.844236400124522));
#4775=CARTESIAN_POINT('',(2.5,-0.91033877065598,-0.944236400124523));
#4776=CARTESIAN_POINT('Origin',(2.5,-0.76033877065598,-0.944236400124523));
#4777=CARTESIAN_POINT('',(-7.6,-1.06033877065598,-0.944236400124523));
#4778=CARTESIAN_POINT('',(2.4,-1.06033877065598,-0.944236400124523));
#4779=CARTESIAN_POINT('',(-7.6,-0.460338770655979,-0.944236400124523));
#4780=CARTESIAN_POINT('',(-7.6,-1.06033877065598,-0.944236400124523));
#4781=CARTESIAN_POINT('',(2.6,-0.460338770655979,-0.944236400124523));
#4782=CARTESIAN_POINT('Origin',(2.6,-0.460338770655979,0.255763599875477));
#4783=CARTESIAN_POINT('',(-7.6,-0.460338770655979,-0.944236400124523));
#4784=CARTESIAN_POINT('',(2.4,-0.460338770655979,0.255763599875477));
#4785=CARTESIAN_POINT('',(2.4,-0.460338770655979,0.255763599875477));
#4786=CARTESIAN_POINT('',(2.6,-0.460338770655979,0.255763599875477));
#4787=CARTESIAN_POINT('',(2.6,-0.460338770655979,0.255763599875477));
#4788=CARTESIAN_POINT('',(2.6,-0.460338770655979,0.255763599875477));
#4789=CARTESIAN_POINT('Origin',(-7.6,-0.76033877065598,-0.844236400124523));
#4790=CARTESIAN_POINT('',(-7.6,-1.06033877065598,-0.744236400124523));
#4791=CARTESIAN_POINT('Origin',(2.4,-0.460338770655979,0.255763599875477));
#4792=CARTESIAN_POINT('',(2.4,-1.06033877065598,0.255763599875477));
#4793=CARTESIAN_POINT('',(2.4,-1.06033877065598,0.255763599875477));
#4794=CARTESIAN_POINT('',(2.4,-0.460338770655979,0.255763599875477));
#4795=CARTESIAN_POINT('Origin',(2.6,-1.06033877065598,0.255763599875477));
#4796=CARTESIAN_POINT('',(2.6,-1.06033877065598,0.255763599875477));
#4797=CARTESIAN_POINT('',(2.6,-1.06033877065598,0.255763599875477));
#4798=CARTESIAN_POINT('',(2.6,-1.06033877065598,0.255763599875477));
#4799=CARTESIAN_POINT('Origin',(2.4,-1.06033877065598,0.255763599875477));
#4800=CARTESIAN_POINT('',(2.4,-1.06033877065598,0.255763599875477));
#4801=CARTESIAN_POINT('Origin',(2.5,-0.76033877065598,0.255763599875477));
#4802=CARTESIAN_POINT('Origin',(2.29845574290209,9.53539412512804,-0.644236400124523));
#4803=CARTESIAN_POINT('',(2.39845574290209,8.93539412512804,-0.644236400124523));
#4804=CARTESIAN_POINT('',(2.29845574290209,8.93539412512804,-0.744236400124523));
#4805=CARTESIAN_POINT('Origin',(2.29845574290209,8.93539412512804,-0.644236400124523));
#4806=CARTESIAN_POINT('',(2.39845574290209,9.53539412512804,-0.644236400124523));
#4807=CARTESIAN_POINT('',(2.39845574290209,9.53539412512804,-0.644236400124523));
#4808=CARTESIAN_POINT('',(2.29845574290209,9.53539412512804,-0.744236400124523));
#4809=CARTESIAN_POINT('Origin',(2.29845574290209,9.53539412512804,-0.644236400124523));
#4810=CARTESIAN_POINT('',(2.29845574290209,9.53539412512804,-0.744236400124523));
#4811=CARTESIAN_POINT('Origin',(2.39845574290209,9.53539412512804,-0.744236400124523));
#4812=CARTESIAN_POINT('',(-7.60154425709791,9.53539412512804,-0.744236400124523));
#4813=CARTESIAN_POINT('',(2.39845574290209,9.53539412512804,-0.744236400124523));
#4814=CARTESIAN_POINT('',(-7.60154425709791,8.93539412512804,-0.744236400124523));
#4815=CARTESIAN_POINT('',(-7.60154425709791,9.53539412512804,-0.744236400124523));
#4816=CARTESIAN_POINT('',(2.39845574290209,8.93539412512804,-0.744236400124523));
#4817=CARTESIAN_POINT('Origin',(2.49845574290209,9.08539412512804,-0.844236400124522));
#4818=CARTESIAN_POINT('',(2.59845574290209,9.53539412512804,-0.844236400124522));
#4819=CARTESIAN_POINT('',(2.49845574290209,9.53539412512804,-0.944236400124523));
#4820=CARTESIAN_POINT('Origin',(2.49845574290209,9.53539412512804,-0.844236400124522));
#4821=CARTESIAN_POINT('',(2.59845574290209,8.93539412512804,-0.844236400124522));
#4822=CARTESIAN_POINT('',(2.59845574290209,9.08539412512804,-0.844236400124522));
#4823=CARTESIAN_POINT('',(2.49845574290209,8.93539412512804,-0.944236400124523));
#4824=CARTESIAN_POINT('Origin',(2.49845574290209,8.93539412512804,-0.844236400124522));
#4825=CARTESIAN_POINT('',(2.49845574290209,9.08539412512804,-0.944236400124523));
#4826=CARTESIAN_POINT('Origin',(2.49845574290209,9.23539412512804,-0.944236400124523));
#4827=CARTESIAN_POINT('',(-7.60154425709791,8.93539412512804,-0.944236400124523));
#4828=CARTESIAN_POINT('',(2.39845574290209,8.93539412512804,-0.944236400124523));
#4829=CARTESIAN_POINT('',(-7.60154425709791,9.53539412512804,-0.944236400124523));
#4830=CARTESIAN_POINT('',(-7.60154425709791,8.93539412512804,-0.944236400124523));
#4831=CARTESIAN_POINT('',(2.59845574290209,9.53539412512804,-0.944236400124523));
#4832=CARTESIAN_POINT('Origin',(2.59845574290209,9.53539412512804,0.255763599875477));
#4833=CARTESIAN_POINT('',(-7.60154425709791,9.53539412512804,-0.944236400124523));
#4834=CARTESIAN_POINT('',(2.39845574290209,9.53539412512804,0.255763599875477));
#4835=CARTESIAN_POINT('',(2.39845574290209,9.53539412512804,0.255763599875477));
#4836=CARTESIAN_POINT('',(2.59845574290209,9.53539412512804,0.255763599875477));
#4837=CARTESIAN_POINT('',(2.59845574290209,9.53539412512804,0.255763599875477));
#4838=CARTESIAN_POINT('',(2.59845574290209,9.53539412512804,0.255763599875477));
#4839=CARTESIAN_POINT('Origin',(-7.60154425709791,9.23539412512804,-0.844236400124523));
#4840=CARTESIAN_POINT('',(-7.60154425709791,8.93539412512804,0.255763599875477));
#4841=CARTESIAN_POINT('Origin',(2.39845574290209,9.53539412512804,0.255763599875477));
#4842=CARTESIAN_POINT('',(2.39845574290209,8.93539412512804,0.255763599875477));
#4843=CARTESIAN_POINT('',(2.39845574290209,8.93539412512804,0.255763599875477));
#4844=CARTESIAN_POINT('',(2.39845574290209,9.53539412512804,0.255763599875477));
#4845=CARTESIAN_POINT('Origin',(2.59845574290209,8.93539412512804,0.255763599875477));
#4846=CARTESIAN_POINT('',(2.59845574290209,8.93539412512804,0.255763599875477));
#4847=CARTESIAN_POINT('',(2.59845574290209,8.93539412512804,0.255763599875477));
#4848=CARTESIAN_POINT('',(2.59845574290209,8.93539412512804,0.255763599875477));
#4849=CARTESIAN_POINT('Origin',(2.39845574290209,8.93539412512804,0.255763599875477));
#4850=CARTESIAN_POINT('',(2.39845574290209,8.93539412512804,0.255763599875477));
#4851=CARTESIAN_POINT('Origin',(2.49845574290209,9.23539412512804,0.255763599875477));
#4852=CARTESIAN_POINT('',(5.,0.,0.));
#4853=UNCERTAINTY_MEASURE_WITH_UNIT(LENGTH_MEASURE(0.01),#4857,
'DISTANCE_ACCURACY_VALUE',
'Maximum model space distance between geometric entities at asserted c
onnectivities');
#4854=UNCERTAINTY_MEASURE_WITH_UNIT(LENGTH_MEASURE(0.01),#4857,
'DISTANCE_ACCURACY_VALUE',
'Maximum model space distance between geometric entities at asserted c
onnectivities');
#4855=(
GEOMETRIC_REPRESENTATION_CONTEXT(3)
GLOBAL_UNCERTAINTY_ASSIGNED_CONTEXT((#4853))
GLOBAL_UNIT_ASSIGNED_CONTEXT((#4857,#4859,#4860))
REPRESENTATION_CONTEXT('','3D')
);
#4856=(
GEOMETRIC_REPRESENTATION_CONTEXT(3)
GLOBAL_UNCERTAINTY_ASSIGNED_CONTEXT((#4854))
GLOBAL_UNIT_ASSIGNED_CONTEXT((#4857,#4859,#4860))
REPRESENTATION_CONTEXT('','3D')
);
#4857=(
LENGTH_UNIT()
NAMED_UNIT(*)
SI_UNIT(.MILLI.,.METRE.)
);
#4858=(
LENGTH_UNIT()
NAMED_UNIT(*)
SI_UNIT(.CENTI.,.METRE.)
);
#4859=(
NAMED_UNIT(*)
PLANE_ANGLE_UNIT()
SI_UNIT($,.RADIAN.)
);
#4860=(
NAMED_UNIT(*)
SI_UNIT($,.STERADIAN.)
SOLID_ANGLE_UNIT()
);
#4861=SHAPE_DEFINITION_REPRESENTATION(#4862,#4863);
#4862=PRODUCT_DEFINITION_SHAPE('',$,#4865);
#4863=SHAPE_REPRESENTATION('',(#2972),#4855);
#4864=PRODUCT_DEFINITION_CONTEXT('part definition',#4869,'design');
#4865=PRODUCT_DEFINITION('LM1800','LM1800',#4866,#4864);
#4866=PRODUCT_DEFINITION_FORMATION('',$,#4871);
#4867=PRODUCT_RELATED_PRODUCT_CATEGORY('LM1800','LM1800',(#4871));
#4868=APPLICATION_PROTOCOL_DEFINITION('international standard',
'automotive_design',2009,#4869);
#4869=APPLICATION_CONTEXT(
'Core Data for Automotive Mechanical Design Process');
#4870=PRODUCT_CONTEXT('part definition',#4869,'mechanical');
#4871=PRODUCT('LM1800','LM1800',$,(#4870));
#4872=PRESENTATION_STYLE_ASSIGNMENT((#4874));
#4873=PRESENTATION_STYLE_ASSIGNMENT((#4875));
#4874=SURFACE_STYLE_USAGE(.BOTH.,#4878);
#4875=SURFACE_STYLE_USAGE(.BOTH.,#4879);
#4876=SURFACE_STYLE_RENDERING_WITH_PROPERTIES($,#4886,(#4877));
#4877=SURFACE_STYLE_TRANSPARENT(0.);
#4878=SURFACE_SIDE_STYLE('',(#4880,#4876));
#4879=SURFACE_SIDE_STYLE('',(#4881));
#4880=SURFACE_STYLE_FILL_AREA(#4882);
#4881=SURFACE_STYLE_FILL_AREA(#4883);
#4882=FILL_AREA_STYLE('',(#4884));
#4883=FILL_AREA_STYLE('',(#4885));
#4884=FILL_AREA_STYLE_COLOUR('',#4886);
#4885=FILL_AREA_STYLE_COLOUR('',#4887);
#4886=COLOUR_RGB('',0.749019607843137,0.749019607843137,0.749019607843137);
#4887=COLOUR_RGB('',0.913725490196078,0.913725490196078,0.);
ENDSEC;
END-ISO-10303-21;
